ID,Category,Input_SMILES,Output_SMILES,Tanimoto,Interpretation
17,High_Similarity_0_7_to_1_0,Cc1cc(C(=O)N2CCCCc3ccccc32)ccc1CNC(=O)N1CC(=O)C[C@H]1C(=O)N(C)C,Cc1cc(C(=O)N2CCCCc3ccccc32)ccc1CNC(=O)N1CCCC1C(=O)N(C)C,0.7887,High similarity (0.789): Minor structural rearrangements.
21,High_Similarity_0_7_to_1_0,CCCc1cc(=O)oc2c3c(c4c(c12)OC(C)(C)C=C4)O[C@H](C)[C@H](C)[C@H]3O,CCCc1cc(=O)oc2c3c(c4c(c12)OC(C)(C)C=C4)OC(C)C(C)(C)C3O,0.7500,High similarity (0.750): Minor structural rearrangements.
66,High_Similarity_0_7_to_1_0,CCCc1cc(=O)oc2c3c(c4c(c12)OC(C)(C)C=C4)O[C@H](C)[C@H](C)[C@@H]3O,CCCc1cc(=O)oc2c3c(c4c(c12)OC(C)(C)C=C4)OC(C)C(C)(C)C3O,0.7500,High similarity (0.750): Minor structural rearrangements.
81,High_Similarity_0_7_to_1_0,Nc1nc(N)c2c(n1)CCC(Cc1cccc(OC(F)(F)F)c1)C2,Nc1nc(N)c2c(n1)CCC(Cc1ccc(OC(F)(F)F)cc1)C2,0.7692,High similarity (0.769): Minor structural rearrangements.
125,High_Similarity_0_7_to_1_0,Cc1cc(C(=O)N2CCCC(C)c3ccccc32)ccc1CNC(=O)N1CCC[C@H]1C(=O)N(C)C,Cc1cc(C(=O)N2CCCCc3ccccc32)ccc1CNC(=O)N1CCCC1C(=O)N(C)C,0.7714,High similarity (0.771): Minor structural rearrangements.
249,High_Similarity_0_7_to_1_0,CCCc1cc(=O)oc2c3c(c4c(c12)OC(C)(C)C=C4)O[C@H](C(C)C)[C@@H](C)[C@H]3O,CCCc1cc(=O)oc2c3c(c4c(c12)OC(C)(C)C=C4)OC(C)C(C)(C)C3O,0.7143,High similarity (0.714): Minor structural rearrangements.
318,High_Similarity_0_7_to_1_0,CCCc1cc(=O)oc2c3c(c4c(c12)OC(C)(C)C=C4)O[C@@H](C)[C@H](C)[C@H]3O,CCCc1cc(=O)oc2c3c(c4c(c12)OC(C)(C)C=C4)OC(C)C(C)(C)C3O,0.7500,High similarity (0.750): Minor structural rearrangements.
0,Low_Similarity_Below_0_4,COc1cc(Br)cc(C(=O)NC2CCN(Cc3ccc(F)cc3)CC2)c1OC,COc1ccc(C2(O)OC(=O)C(c3ccc4c(c3)OCO4)=C2CC2CCCC2)cc1,0.1398,Low similarity (0.140): Major reconstruction errors.
1,Low_Similarity_Below_0_4,CC(O)(c1ccc(Cl)cc1)C(O)(Cn1ccnc1)c1ccc(F)cc1,CC(C)C(N)c1cccc(F)c1N1CCN(C(=O)C2NCCC2c2ccc(Cl)cc2)CC1,0.1379,Low similarity (0.138): Major reconstruction errors.
2,Low_Similarity_Below_0_4,COc1ccc2c3c1OC1[C@H]4OC[C@@]4(CCc4ccccc4)CC4C(C2)N(C)CCC341,COc1ccc(C2(O)OC(=O)C(c3ccc4c(c3)OCO4)=C2CC2CCCC2)cc1,0.1275,Low similarity (0.127): Major reconstruction errors.
3,Low_Similarity_Below_0_4,COc1cccc2c1C(CN(C)CCc1ccc3c(c1)OCO3)CCC2,COc1ccc(C2(O)OC(=O)C(c3ccc4c(c3)OCO4)=C2CC2CCCC2)cc1,0.2738,Low similarity (0.274): Major reconstruction errors.
4,Low_Similarity_Below_0_4,CCc1nnc2c(NCC(C)O)nc3ccccc3n12,CCCc1cc(=O)oc2c3c(c4c(c12)OC(C)(C)C=C4)OC(C)C(C)(C)C3O,0.0795,Low similarity (0.080): Major reconstruction errors.
5,Low_Similarity_Below_0_4,COc1ccc(Cl)c(C2(F)C(=O)Nc3c(C(F)(F)F)cccc32)c1,COc1ccc(C2(O)OC(=O)C(c3ccc4c(c3)OCO4)=C2CC2CCCC2)cc1,0.1786,Low similarity (0.179): Major reconstruction errors.
6,Low_Similarity_Below_0_4,COc1ccc(S(=O)(=O)N2CCCc3ccc(Br)cc32)cc1N1CCNCC1,COc1ccc(C2(O)OC(=O)C(c3ccc4c(c3)OCO4)=C2CC2CCCC2)cc1,0.1290,Low similarity (0.129): Major reconstruction errors.
7,Low_Similarity_Below_0_4,COc1ccccc1N1CCN(CCCC2=CCCc3ccccc32)CC1,COc1ccc(C2(O)OC(=O)C(c3ccc4c(c3)OCO4)=C2CC2CCCC2)cc1,0.1111,Low similarity (0.111): Major reconstruction errors.
8,Low_Similarity_Below_0_4,CCc1cccc(NC(=O)C2CCCN2S(=O)(=O)c2ccc3c(c2)CC(C)N3C(C)=O)c1,CCCc1cc(=O)oc2c3c(c4c(c12)OC(C)(C)C=C4)OC(C)C(C)(C)C3O,0.0857,Low similarity (0.086): Major reconstruction errors.
9,Low_Similarity_Below_0_4,CC1=C(c2ccc(C(C)C)cc2)S(=O)(=O)N=C1N1CCC(C(=O)NCc2ccc(C)o2)CC1,Cc1cc(C(=O)N2CCCCc3ccccc32)ccc1CNC(=O)N1CCCC1C(=O)N(C)C,0.1650,Low similarity (0.165): Major reconstruction errors.
10,Low_Similarity_Below_0_4,COc1ccc2[nH]c(-c3ccccc3)c(CCNC(=O)C(F)(F)F)c2c1,COc1ccc(C2(O)OC(=O)C(c3ccc4c(c3)OCO4)=C2CC2CCCC2)cc1,0.1705,Low similarity (0.170): Major reconstruction errors.
11,Low_Similarity_Below_0_4,CCN(CC)C(=O)C1CCN(c2nc(N)c3cc(OC)c(OC)cc3n2)CC1,CCCc1cc(=O)oc2c3c(c4c(c12)OC(C)(C)C=C4)OC(C)C(C)(C)C3O,0.0968,Low similarity (0.097): Major reconstruction errors.
12,Low_Similarity_Below_0_4,Cc1c(C(=O)NCCN(C)C)oc2ccc(S(=O)(=O)N3CCC4(CC3)OCCO4)cc12,Cc1cc(-n2ncc(=O)[nH]c2=O)ccc1C(=O)c1ccc(Cl)cc1Cl,0.1075,Low similarity (0.108): Major reconstruction errors.
13,Low_Similarity_Below_0_4,O=C(O)C1Cc2cc3c(-c4ccc(F)cc4)noc3c(Cl)c2O1,O=C(O)CCCCCNC(=O)N1CCC2(CC1)CCN(c1ccncc1)C2,0.1163,Low similarity (0.116): Major reconstruction errors.
14,Low_Similarity_Below_0_4,CCNc1cccnc1N1CCN(C(=O)c2cnccn2)CC1,CCCc1cc(=O)oc2c3c(c4c(c12)OC(C)(C)C=C4)OC(C)C(C)(C)C3O,0.0761,Low similarity (0.076): Major reconstruction errors.
15,Low_Similarity_Below_0_4,CN(C)c1cccc2c(S(=O)(=O)Nc3ccc(C#N)nn3)cccc12,CN(C)c1ncnc2c1ncn2Cc1cccc(CO)c1,0.1528,Low similarity (0.153): Major reconstruction errors.
16,Low_Similarity_Below_0_4,O=C(CN1CCCCC1)N1CCC(CNc2nc3c(s2)CCCc2ccc(F)cc2-3)CC1,O=C(c1ccc(Cl)cc1)c1ccc(-n2ncc(=O)[nH]c2=O)cc1Cl,0.0957,Low similarity (0.096): Major reconstruction errors.
18,Low_Similarity_Below_0_4,NS(=O)(=O)c1cc(C(=O)NN2Cc3ccccc3C2CO)ccc1Cl,CNc1ncnc2c1ncn2Cc1c(F)cccc1Cl,0.1190,Low similarity (0.119): Major reconstruction errors.
19,Low_Similarity_Below_0_4,O=C1NC(=O)C(CC#Cc2ccccc2Cl)(S(=O)(=O)c2ccccc2)S1,O=C(c1ccc(Cl)cc1)c1ccc(-n2ncc(=O)[nH]c2=O)cc1Cl,0.1169,Low similarity (0.117): Major reconstruction errors.
20,Low_Similarity_Below_0_4,CC1(C)N=C(N)N=C(N)N1c1cccc(C(F)(F)F)c1,CC(C)C(N)c1cccc(F)c1N1CCN(C(=O)C2CCOC2c2ccc(Cl)cc2)CC1,0.1047,Low similarity (0.105): Major reconstruction errors.
22,Low_Similarity_Below_0_4,CN1CCCC(CC(=O)N2CCN([C@@H]3c4ccc(Cl)cc4CCc4cccnc43)CC2)C1,CN1CC(CN2CC(=O)NC2=O)CC2CC(C)(C)CCC21,0.1170,Low similarity (0.117): Major reconstruction errors.
24,Low_Similarity_Below_0_4,COc1ccc2c(c1OC)CCC[C@H]2CN(C)CCc1ccc2c(c1)OCO2,COc1ccc(C2(O)OC(=O)C(c3ccc4c(c3)OCO4)=C2CC2CCCC2)cc1,0.2558,Low similarity (0.256): Major reconstruction errors.
25,Low_Similarity_Below_0_4,COc1c(Cl)cc(F)cc1CC1CNC(=O)CN(S(=O)(=O)c2ccc(Cl)cc2)C1=O,COc1ccc(C2(O)OC(=O)C(c3ccc4c(c3)OCO4)=C2CC2CCCC2)cc1,0.1596,Low similarity (0.160): Major reconstruction errors.
26,Low_Similarity_Below_0_4,Cc1ccc(N2CC(C(=O)N3CCC(C(=O)Nc4nnc(C(C)(C)C)s4)CC3)CC2=O)cc1,Cc1ccccc1C(=O)N1CCC(C(=O)Nc2ccc(S(=O)(=O)N(C)C(C)C)cc2)CC1,0.2558,Low similarity (0.256): Major reconstruction errors.
27,Low_Similarity_Below_0_4,CC(=O)NC(=S)NC[C@@H]1C[C@@H]2c3cccc4[nH]cc(c34)C[C@H]2N(C)C1,CC(=O)NCC1CN(c2ccc(N3CCN(C(=O)Nc4ccccn4)CC3)c(F)c2)C(=O)O1,0.1731,Low similarity (0.173): Major reconstruction errors.
28,Low_Similarity_Below_0_4,CN(C)c1ccc(S(=O)(=O)N2CCOCC2)cc1C(=O)Nc1sc2c(c1C#N)CCC2,CN(C)c1cccc2c(S(=O)(=O)Nc3cnc(Cl)cn3)cccc12,0.1444,Low similarity (0.144): Major reconstruction errors.
32,Low_Similarity_Below_0_4,Cc1cc(-n2ncc(=O)[nH]c2=O)cc(Cl)c1C(=O)c1ccc(Cl)cc1,Cc1cc(C(=O)N2CCCCc3ccccc32)ccc1CNC(=O)N1CCCC1C(=O)N(C)C,0.1383,Low similarity (0.138): Major reconstruction errors.
33,Low_Similarity_Below_0_4,CCCC(=O)Nc1ccc(Cc2cccc3c2CCO3)cc1,CCCc1cc(=O)oc2c3c(c4c(c12)OC(C)(C)C=C4)OC(C)C(C)(C)C3O,0.1023,Low similarity (0.102): Major reconstruction errors.
34,Low_Similarity_Below_0_4,CC(=O)N1CCN(c2cnc3cc(Cl)ccc3n2)CC1,CC(C)C(N)c1cccc(F)c1N1CCN(C(=O)C2CCOC2c2ccc(Cl)cc2)CC1,0.2436,Low similarity (0.244): Major reconstruction errors.
35,Low_Similarity_Below_0_4,CC(C)(C)NC(=O)C1CN(S(=O)(=O)c2ccccc2)CCN1S(=O)(=O)c1ccccc1,CC(C)C(N)c1cccc(F)c1N1CCN(C(=O)C2CCOC2c2ccc(Cl)cc2)CC1,0.1379,Low similarity (0.138): Major reconstruction errors.
36,Low_Similarity_Below_0_4,COc1ccc(N2C[C@@H](C)N[C@@H](C)C2)cc1NS(=O)(=O)c1ccc(Br)cc1,COc1ccc(C2(O)OC(=O)C(c3ccc4c(c3)OCO4)=C2CC2CCCC2)cc1,0.1222,Low similarity (0.122): Major reconstruction errors.
37,Low_Similarity_Below_0_4,CC(C)(C)Nc1cccnc1N1CCN(C(=O)c2cc3ccccc3[nH]2)CC1,CC(C)C(N)c1cccc(F)c1N1CCN(C(=O)C2CCOC2c2ccc(Cl)cc2)CC1,0.1596,Low similarity (0.160): Major reconstruction errors.
38,Low_Similarity_Below_0_4,CN1CCC(CC(=O)N2CCN([C@H]3c4ccc(Cl)cc4CCc4cccnc43)CC2)CC1,CN1CC(CN2CC(=O)NC2=O)CC2CC(C)(C)CCC21,0.1111,Low similarity (0.111): Major reconstruction errors.
39,Low_Similarity_Below_0_4,CN1CC(c2ccc(NC(=O)c3nc(C#N)c[nH]3)c(C3=CCCCC3)c2)CN(C)S1(=O)=O,CN1CC(CN2CC(=O)NC2=O)CC2CC(C)(C)CCC21,0.1020,Low similarity (0.102): Major reconstruction errors.
40,Low_Similarity_Below_0_4,O=S(=O)(NCC1OCCc2ccccc21)c1ccc(S(=O)(=O)N2CCOCC2)cc1,CCCc1cc(=O)oc2c3c(c4c(c12)OC(C)(C)C=C4)OC(C)C(C)(C)C3O,0.0753,Low similarity (0.075): Major reconstruction errors.
41,Low_Similarity_Below_0_4,O=C(O)C1Nc2cc(Cl)cc(Cl)c2S(=O)(=O)N1Cc1ccc(C(F)(F)F)cc1,O=C(O)CCCCCNC(=O)N1CCC2(CC1)CCN(c1ccncc1)C2,0.1264,Low similarity (0.126): Major reconstruction errors.
42,Low_Similarity_Below_0_4,COc1ccnc(C[S+]([O-])c2nc3cc4c(cc3[nH]2)OC(F)(F)O4)c1,COc1ccc(C2(O)OC(=O)C(c3ccc4c(c3)OCO4)=C2CC2CCCC2)cc1,0.1685,Low similarity (0.169): Major reconstruction errors.
43,Low_Similarity_Below_0_4,COc1cc2nc(N3CCC(C(=O)N4CCOCC4)CC3)nc(N)c2cc1OC,COc1ccc(C2(O)OC(=O)C(c3ccc4c(c3)OCO4)=C2CC2CCCC2)cc1,0.1304,Low similarity (0.130): Major reconstruction errors.
45,Low_Similarity_Below_0_4,C/N=c1\ccc(-c2ccc(N3CC(CNC(C)=O)OC3=O)cc2)ccc1O,CN1CCN(CC(=O)N2c3ccccc3C(=O)Nc3cccnc32)CC1,0.1264,Low similarity (0.126): Major reconstruction errors.
46,Low_Similarity_Below_0_4,O=C(OC1CN2CCC1CC2)C(O)(c1ccccc1)c1cccc(Br)c1,O=C(O)CCCCCNC(=O)N1CCC2(CC1)CCN(c1ccncc1)C2,0.1190,Low similarity (0.119): Major reconstruction errors.
47,Low_Similarity_Below_0_4,O=c1cnn(-c2ccc(C(O)c3ccc(Cl)cc3)c(Cl)c2)c(=O)[nH]1,O=C(O)CCCCCCC(=O)N1CCC2(CCN(c3ccncc3)CC2)C1,0.1026,Low similarity (0.103): Major reconstruction errors.
48,Low_Similarity_Below_0_4,CC(=O)N1CCC(=C2c3ccc(Cl)cc3CCc3c(O)ccnc32)CC1,CC(C)C(N)c1cccc(F)c1N1CCN(C(=O)C2CCOC2c2ccc(Cl)cc2)CC1,0.1613,Low similarity (0.161): Major reconstruction errors.
49,Low_Similarity_Below_0_4,Cc1cc(C)cc(Sc2cncc3sc(C(N)=O)cc23)c1,Cc1ccccc1C(=O)N1CCC(C(=O)Nc2ccc(S(=O)(=O)N3CCCCC3)cc2)CC1,0.0854,Low similarity (0.085): Major reconstruction errors.
50,Low_Similarity_Below_0_4,Cc1cc(NN=C2CCC(C)n3c2ncc(C(=O)O)c3=O)ccc1Br,Cc1cc(-n2ncc(=O)[nH]c2=O)ccc1C(=O)c1ccc(Cl)cc1Cl,0.1765,Low similarity (0.176): Major reconstruction errors.
51,Low_Similarity_Below_0_4,NC(=O)c1cc(-c2ccc(Cl)cc2)nnc1Cl,CN(C)c1ncnc2c1ncn2Cc1cccc(CO)c1,0.0769,Low similarity (0.077): Major reconstruction errors.
52,Low_Similarity_Below_0_4,c1ccc(Cn2cnc3c(NC4CC4)ncnc32)cc1,O=C(c1ccc(Cl)cc1)c1ccc(-n2ncc(=O)[nH]c2=O)cc1Cl,0.0800,Low similarity (0.080): Major reconstruction errors.
54,Low_Similarity_Below_0_4,NC1=NC(c2ccc(Cl)cc2)Cc2ccccc21,Nc1nc(N)c2c(Sc3ccc(Cl)c(Cl)c3)cccc2n1,0.1500,Low similarity (0.150): Major reconstruction errors.
55,Low_Similarity_Below_0_4,CCCNC(=O)c1cc(OC)c(CC(C)N)cc1OC,CCCc1cc(=O)oc2c3c(c4c(c12)OC(C)(C)C=C4)OC(C)C(C)(C)C3O,0.1220,Low similarity (0.122): Major reconstruction errors.
57,Low_Similarity_Below_0_4,CC(C)(C)NCC(O)COC(=O)c1ccncc1,CC(C)C(N)c1cccc(F)c1N1CCN(C(=O)C2NCCC2c2ccc(Cl)cc2)CC1,0.0930,Low similarity (0.093): Major reconstruction errors.
58,Low_Similarity_Below_0_4,CCNc1ccccc1N1CCN(C(=O)c2cc3ccccc3[nH]2)CC1,CCCc1cc(=O)oc2c3c(c4c(c12)OC(C)(C)C=C4)OC(C)C(C)(C)C3O,0.0879,Low similarity (0.088): Major reconstruction errors.
59,Low_Similarity_Below_0_4,COc1ccccc1N1CCN(C(C)CCN2C(=O)NC3c4ccccc4N(C)C3C2=O)CC1,COc1ccc(C2(O)OC(=O)C(c3ccc4c(c3)OCO4)=C2CC2CCCC2)cc1,0.1340,Low similarity (0.134): Major reconstruction errors.
60,Low_Similarity_Below_0_4,CCNc1cccc(N2CCN(C(=O)c3ccc4[nH]ccc4c3)CC2)n1,CCCc1cc(=O)oc2c3c(c4c(c12)OC(C)(C)C=C4)OC(C)C(C)(C)C3O,0.0825,Low similarity (0.082): Major reconstruction errors.
61,Low_Similarity_Below_0_4,CC[C@H]1Cc2cc3c(C(F)(F)F)cc(O)nc3cc2N[C@@H]1CC,CCCc1cc(=O)oc2c3c(c4c(c12)OC(C)(C)C=C4)OC(C)C(C)(C)C3O,0.0899,Low similarity (0.090): Major reconstruction errors.
62,Low_Similarity_Below_0_4,CCOC(=O)C1=C(O)C(=O)N(Cc2ccco2)C1,CCCc1cc(=O)oc2c3c(c4c(c12)OC(C)(C)C=C4)OC(C)C(C)(C)C3O,0.1163,Low similarity (0.116): Major reconstruction errors.
63,Low_Similarity_Below_0_4,CS(=O)(=O)c1cccc(OC2CCN(C(=O)NCc3ccc(Cl)cc3Cl)CC2)c1,O=C(c1ccc(Cl)cc1)C(O)(Cn1cncn1)c1ccc(Cl)cc1,0.1463,Low similarity (0.146): Major reconstruction errors.
64,Low_Similarity_Below_0_4,Fc1ccccc1Cn1cnc2c(N3CCCC3)ncnc21,CCCc1cc(=O)oc2c3c(c4c(c12)OC(C)(C)C=C4)OC(C)C(C)(C)C3O,0.0444,Low similarity (0.044): Major reconstruction errors.
65,Low_Similarity_Below_0_4,CC1Cc2cc3c(cc2C(c2ccc(N)cc2)=NN1C(=O)C(C)(C)C)OCO3,Cc1cc(-n2ncc(=O)[nH]c2=O)ccc1C(=O)c1ccc(Cl)cc1Cl,0.1176,Low similarity (0.118): Major reconstruction errors.
67,Low_Similarity_Below_0_4,COc1cc(Cl)ccc1CC1CNC(=O)CN(S(=O)(=O)c2ccc(Cl)cc2)C1=O,COc1ccc(C2(O)OC(=O)C(c3ccc4c(c3)OCO4)=C2CC2CCCC2)cc1,0.1667,Low similarity (0.167): Major reconstruction errors.
68,Low_Similarity_Below_0_4,O=C(CCC(=O)N1CCN(S(=O)(=O)c2ccc3ccccc3c2)CC1)NCC(F)(F)F,O=C(c1ccc(Cl)cc1)C(O)(Cn1cncn1)c1ccc(Cl)cc1,0.1154,Low similarity (0.115): Major reconstruction errors.
69,Low_Similarity_Below_0_4,CS(=O)(=O)c1c(F)cc(-c2cc(C(N)=O)c(Cl)nn2)cc1F,CCCc1cc(=O)oc2c3c(c4c(c12)OC(C)(C)C=C4)OC(C)C(C)(C)C3O,0.0581,Low similarity (0.058): Major reconstruction errors.
70,Low_Similarity_Below_0_4,COc1ccc2c(c1)CCC=C2CCCN1CCN(c2ccccn2)CC1,COc1ccc(C2(O)OC(=O)C(c3ccc4c(c3)OCO4)=C2CC2CCCC2)cc1,0.1505,Low similarity (0.151): Major reconstruction errors.
71,Low_Similarity_Below_0_4,CCN1CCCC1CNC(=O)c1cc(NS(C)(=O)=O)c(C)cc1OC,CCCc1cc(=O)oc2c3c(c4c(c12)OC(C)(C)C=C4)OC(C)C(C)(C)C3O,0.0928,Low similarity (0.093): Major reconstruction errors.
72,Low_Similarity_Below_0_4,CC1Cc2ccccc2N1NC(=O)c1ccc(Cl)c(S(N)(=O)=O)c1,Cc1cc(-n2ncc(=O)[nH]c2=O)ccc1C(=O)c1ccc(Cl)cc1Cl,0.1625,Low similarity (0.163): Major reconstruction errors.
73,Low_Similarity_Below_0_4,CN(C)CCCN1c2ccccc2CCc2ccccc21,CN(C)c1ncnc2c1ncn2Cc1cccc(CO)c1,0.1500,Low similarity (0.150): Major reconstruction errors.
76,Low_Similarity_Below_0_4,COc1cccc2c1CCC[C@@H]2CN(C)CCc1ccc2c(c1)OCO2,COc1ccc(C2(O)OC(=O)C(c3ccc4c(c3)OCO4)=C2CC2CCCC2)cc1,0.2738,Low similarity (0.274): Major reconstruction errors.
77,Low_Similarity_Below_0_4,C[C@H]1Cc2cc3c(C(F)(F)F)cc(O)nc3cc2N[C@@H]1C,Cc1cc(C)c(C(=O)c2ccc(-n3ncc(=O)[nH]c3=O)cc2)c(C)c1,0.0959,Low similarity (0.096): Major reconstruction errors.
78,Low_Similarity_Below_0_4,COc1cc(CC(C)N)c(OC)cc1Br,COc1ccc(C2(O)OC(=O)C(c3ccc4c(c3)OCO4)=C2CC2CCCC2)cc1,0.1233,Low similarity (0.123): Major reconstruction errors.
79,Low_Similarity_Below_0_4,CC(C)(C)NCC(O)COC(=O)C1c2ccccc2-c2ccccc21,CC(C)C(N)c1cccc(F)c1N1CCN(C(=O)C2NCCC2c2ccc(Cl)cc2)CC1,0.1136,Low similarity (0.114): Major reconstruction errors.
80,Low_Similarity_Below_0_4,c1cncc(-c2nc3c([nH]2)-c2ccccc2CCC3)c1,CCCc1cc(=O)oc2c3c(c4c(c12)OC(C)(C)C=C4)OC(C)C(C)C3O,0.0225,Low similarity (0.022): Major reconstruction errors.
82,Low_Similarity_Below_0_4,Fc1ccc(-c2c(-c3ccncc3)nc3n2CCS3)cc1,CCCc1cc(=O)oc2c3c(c4c(c12)OC(C)(C)C=C4)OC(C)C(C)(C)C3O,0.0227,Low similarity (0.023): Major reconstruction errors.
83,Low_Similarity_Below_0_4,CN(C)CCCN1c2ccccc2CCc2ccc(Cl)cc21,CN(C)c1ncnc2c1ncn2Cc1cccc(CO)c1,0.1471,Low similarity (0.147): Major reconstruction errors.
84,Low_Similarity_Below_0_4,CCN1CCCC1CNC(=O)c1cc(S(N)(=O)=O)ccc1OC,CCCc1cc(=O)oc2c3c(c4c(c12)OC(C)(C)C=C4)OC(C)C(C)(C)C3O,0.0947,Low similarity (0.095): Major reconstruction errors.
85,Low_Similarity_Below_0_4,CCNCC1CCN(c2c(F)cc3c(=O)c(C(=O)O)cn(CC)c3c2F)C1,CCCc1cc(=O)oc2c3c(c4c(c12)OC(C)(C)C=C4)OC(C)C(C)(C)C3O,0.1237,Low similarity (0.124): Major reconstruction errors.
86,Low_Similarity_Below_0_4,c1ccc(-c2nc3c([nH]2)CCOc2ccccc2-3)cc1,O=C(c1ccc(Cl)cc1)c1ccc(-n2ncc(=O)[nH]c2=O)cc1Cl,0.0845,Low similarity (0.085): Major reconstruction errors.
87,Low_Similarity_Below_0_4,CC[C@H]1C[C@@H](C)Nc2cc3nc(O)cc(C(F)(F)F)c3cc21,CCCc1cc(=O)oc2c3c(c4c(c12)OC(C)(C)C=C4)OC(C)C(C)(C)C3O,0.1011,Low similarity (0.101): Major reconstruction errors.
88,Low_Similarity_Below_0_4,CN1C2CCC1CC1(CN=C(c3cn(C)c4ccccc34)O1)C2,CN1CCN(C2=Nc3ccccc3Nc3ccc(Cl)cc32)CC1,0.1507,Low similarity (0.151): Major reconstruction errors.
89,Low_Similarity_Below_0_4,COc1cccc(C2(O)CCCCC2N2CCC3(CC2)C(=O)NCC3c2ccc(F)cc2)c1,COc1ccc(C2(O)OC(=O)C(c3ccc4c(c3)OCO4)=C2CC2CCCC2)cc1,0.2366,Low similarity (0.237): Major reconstruction errors.
91,Low_Similarity_Below_0_4,O=C(CN1C(=O)c2ccccc2S1(=O)=O)Nc1ccc(S(=O)(=O)N2CCCCC2)cc1,O=C(c1ccc(Cl)cc1)C(O)(Cn1cncn1)c1ccc(Cl)cc1,0.0988,Low similarity (0.099): Major reconstruction errors.
92,Low_Similarity_Below_0_4,O=C(O)C1CN(c2cnc3ccccc3n2)CCN1,O=C(O)CCCCCNC(=O)N1CCC2(CC1)CCN(c1ccncc1)C2,0.1711,Low similarity (0.171): Major reconstruction errors.
94,Low_Similarity_Below_0_4,CN1CCC23c4c5ccc(O)c4OC2[C@H](O)[C@](CO)(CCc2ccccc2)CC3C1C5,CN1CC(CN2CC(=O)NC2=O)CC2CC(C)(C)CCC21,0.1290,Low similarity (0.129): Major reconstruction errors.
95,Low_Similarity_Below_0_4,Cc1nnc2c(NC3CCCC3)nc3ccccc3n12,Cc1cc(-n2ncc(=O)[nH]c2=O)ccc1C(=O)c1ccc(Cl)cc1Cl,0.0909,Low similarity (0.091): Major reconstruction errors.
96,Low_Similarity_Below_0_4,CC(=O)N1c2c(cc(Br)cc2S(=O)(=O)NCC2COc3ccccc3O2)CC1C,CC(=O)NCC1CN(c2ccc(N3CCN(C(=O)Nc4ccccn4)CC3)c(F)c2)C(=O)O1,0.1942,Low similarity (0.194): Major reconstruction errors.
97,Low_Similarity_Below_0_4,COCC(=O)Nc1ccc(Oc2cccc(OC)c2)cc1,O=C(O)CCCCCCC(=O)N1CCC2(CCN(c3ccncc3)CC2)C1,0.0972,Low similarity (0.097): Major reconstruction errors.
98,Low_Similarity_Below_0_4,COc1ccnc2c1CCc1cc(Cl)ccc1C2=C1CCN(C(C)=O)CC1,COc1ccc(C2(O)OC(=O)C(c3ccc4c(c3)OCO4)=C2CC2CCCC2)cc1,0.1277,Low similarity (0.128): Major reconstruction errors.
99,Low_Similarity_Below_0_4,NS(=O)(=O)N1CC2(CCN(C(=O)Nc3ccc(Cl)c(Cl)c3)CC2)c2ccccc21,CNc1ncnc2c1ncn2Cc1c(F)cccc1F,0.0854,Low similarity (0.085): Major reconstruction errors.
100,Low_Similarity_Below_0_4,CC(=O)NC[C@H]1CN(c2ccc(C(C)=O)cc2)C(=O)O1,CC(C)C(N)c1cccc(F)c1N1CCN(C(=O)C2CCOC2c2ccc(Cl)cc2)CC1,0.1279,Low similarity (0.128): Major reconstruction errors.
101,Low_Similarity_Below_0_4,CCC(C)(C)NC(=O)C1CCCN(S(=O)(=O)c2ccc3c(c2)CC(C)N3C(=O)C2CC2)C1,CCCc1cc(=O)oc2c3c(c4c(c12)OC(C)(C)C=C4)OC(C)C(C)(C)C3O,0.0980,Low similarity (0.098): Major reconstruction errors.
102,Low_Similarity_Below_0_4,Cc1ccc(Cn2cnc3c(N(C)C)ncnc32)cc1,Cc1ccccc1C(=O)N1CCC(C(=O)Nc2ccc(S(=O)(=O)N3CCCCC3)cc2)CC1,0.0750,Low similarity (0.075): Major reconstruction errors.
103,Low_Similarity_Below_0_4,Cc1nc([C@H](C(=O)N2CCC2)N2C(=O)[C@@H](C3Cc4ccccc4C3)NC(=O)[C@H]2CC(C)C)co1,Cc1cc(C)c(NN=C2CCC(C)n3c2ncc(C(=O)O)c3=O)cc1C,0.1300,Low similarity (0.130): Major reconstruction errors.
104,Low_Similarity_Below_0_4,COc1cc([C@H]2[C@@H](O)N(C)C(=O)[C@]23CCC(=O)N3C)c(Br)cc1Br,COc1ccc(C2(O)OC(=O)C(c3ccc4c(c3)OCO4)=C2CC2CCCC2)cc1,0.1628,Low similarity (0.163): Major reconstruction errors.
105,Low_Similarity_Below_0_4,Brc1cccc2[nH]c3c(c12)CCNC3,COc1ccc(C2(O)OC(=O)C(c3ccc4c(c3)OCO4)=C2CC2CCCC2)cc1,0.0759,Low similarity (0.076): Major reconstruction errors.
106,Low_Similarity_Below_0_4,CC1c2ccccc2CN1NC(=O)c1ccc(Cl)c(S(N)(=O)=O)c1,Cc1cc(-n2ncc(=O)[nH]c2=O)ccc1C(=O)c1ccc(Cl)cc1Cl,0.1625,Low similarity (0.163): Major reconstruction errors.
107,Low_Similarity_Below_0_4,COc1ccc(CC(=O)O)cc1-c1ccc(Cl)cc1,COc1ccc(C2(O)OC(=O)C(c3ccc4c(c3)OCO4)=C2CC2CCCC2)cc1,0.1688,Low similarity (0.169): Major reconstruction errors.
108,Low_Similarity_Below_0_4,COc1ccc(Cl)c(C2(F)C(=O)Nc3c(C#N)cccc32)c1,COc1ccc(C2(O)OC(=O)C(c3ccc4c(c3)OCO4)=C2CC2CCCC2)cc1,0.1765,Low similarity (0.176): Major reconstruction errors.
109,Low_Similarity_Below_0_4,CC12CCC(=O)N1C(C(=O)Nc1cccc(C(=O)Nc3cccc(C(F)(F)F)c3)c1)CS2,Cc1cc(-n2ncc(=O)[nH]c2=O)ccc1C(=O)c1ccc(Cl)cc1Cl,0.1087,Low similarity (0.109): Major reconstruction errors.
110,Low_Similarity_Below_0_4,Cc1ccc([S+]([O-])c2cncc3sc(C(N)=O)cc23)cc1,Cc1cc(-n2ncc(=O)[nH]c2=O)ccc1C(=O)c1ccc(Cl)cc1Cl,0.1447,Low similarity (0.145): Major reconstruction errors.
111,Low_Similarity_Below_0_4,CC1(C)Oc2c(CN3CCC4(CC3)CCN(C(=O)c3ccc(N)cn3)CC4)cccc2C1(F)F,CC(C)C(N)c1cccc(F)c1N1CCN(C(=O)C2CCOC2c2ccc(Cl)cc2)CC1,0.1700,Low similarity (0.170): Major reconstruction errors.
112,Low_Similarity_Below_0_4,CC1(C)CC(=O)C(C2OCCc3ccccc32)=C(O)C1,CC(C)C(N)c1cccc(F)c1N1CCN(C(=O)C2NCCC2c2ccc(Cl)cc2)CC1,0.0889,Low similarity (0.089): Major reconstruction errors.
113,Low_Similarity_Below_0_4,C[C@@H](C(=O)N[C@H]1C2CC3CC1C[C@](O)(C3)C2)N1CCN(c2ccc(C(F)(F)F)cn2)CC1,CC(C)C(N)c1cccc(F)c1N1CCN(C(=O)C2CCOC2c2ccc(Cl)cc2)CC1,0.1717,Low similarity (0.172): Major reconstruction errors.
114,Low_Similarity_Below_0_4,CC(=O)N1CCN(S(=O)(=O)c2cccc(C(=O)Nc3ccccc3N3CCCC3)c2)CC1,CC(=O)NCC1CN(c2ccc(N3CCN(C(=O)Nc4ccccn4)CC3)c(F)c2)C(=O)O1,0.2234,Low similarity (0.223): Major reconstruction errors.
115,Low_Similarity_Below_0_4,CCC[C@@H]1CCc2cc3c(C(F)(F)F)cc(O)nc3cc2N1,CCCc1cc(=O)oc2c3c(c4c(c12)OC(C)(C)C=C4)OC(C)C(C)(C)C3O,0.1011,Low similarity (0.101): Major reconstruction errors.
116,Low_Similarity_Below_0_4,CN1CCN(CC(=O)NC2CC3(N(C)C)CC(c4ccccc4)C2C(c2ccccc2)C3)CC1,CN1CC(CN2CC(=O)NC2=O)CC2CC(C)(C)CCC21,0.1235,Low similarity (0.123): Major reconstruction errors.
117,Low_Similarity_Below_0_4,CN(C)[C@@H]1CCC[C@H]1Nc1nc(Nc2ccc3c(c2)CCS3(=O)=O)ncc1C(F)(F)F,CN(C)c1ncnc2c1ncn2Cc1cccc(CO)c1,0.1099,Low similarity (0.110): Major reconstruction errors.
118,Low_Similarity_Below_0_4,CC1(C)[C@@H]2CC[C@@]1(CS(=O)(=O)N1CCC(Nc3ccc(C(F)(F)F)cn3)CC1)C(=O)C2,CC(C)C(N)c1cccc(F)c1N1CCN(C(=O)C2NCCC2c2ccc(Cl)cc2)CC1,0.1373,Low similarity (0.137): Major reconstruction errors.
119,Low_Similarity_Below_0_4,COc1cccc(Oc2ccc(NC(C)=O)cc2)c1,COc1ccc(C2(O)OC(=O)C(c3ccc4c(c3)OCO4)=C2CC2CCCC2)cc1,0.1781,Low similarity (0.178): Major reconstruction errors.
120,Low_Similarity_Below_0_4,OCCN1CCC(c2cn(-c3ccc(F)cc3)c3ccc(Cl)cc23)CC1,COc1ccc(C2(O)OC(=O)C(c3ccc4c(c3)OCO4)=C2CC2CCCC2)cc1,0.0978,Low similarity (0.098): Major reconstruction errors.
121,Low_Similarity_Below_0_4,OCCN(CCO)CC(c1ccc(Cl)cc1)c1ccc(Cl)cc1,COc1ccc(C2(O)OC(=O)C(c3ccc4c(c3)OCO4)=C2CC2CCCC2)cc1,0.0667,Low similarity (0.067): Major reconstruction errors.
122,Low_Similarity_Below_0_4,CCOC(=O)Nc1cc2c(c(N)n1)N=C(c1ccc(Cl)c(Cl)c1)CN2,CCNc1cccnc1N1CCN(C(=O)c2cccc3[nH]ccc23)CC1,0.1522,Low similarity (0.152): Major reconstruction errors.
123,Low_Similarity_Below_0_4,COC(=O)[C@]12CCCN1C(=O)[C@](Cc1ccc3ccccc3c1)(NC(=O)OC(C)(C)C)CC2,COc1ccc(C2(O)OC(=O)C(c3ccc4c(c3)OCO4)=C2CC2CCCC2)cc1,0.1414,Low similarity (0.141): Major reconstruction errors.
124,Low_Similarity_Below_0_4,O=C1NCN(c2ccc(Cl)cc2)C12CCN([C@@H]1CCCC[C@@]1(O)c1ccc(F)cc1)CC2,O=C(c1ccc(Cl)cc1)c1ccc(-n2ncc(=O)[nH]c2=O)cc1Cl,0.1707,Low similarity (0.171): Major reconstruction errors.
126,Low_Similarity_Below_0_4,NC(=O)c1cc2c(Sc3ccccc3)cncc2s1,CN(C)c1ncnc2c1ncn2Cc1cccc(CO)c1,0.0986,Low similarity (0.099): Major reconstruction errors.
127,Low_Similarity_Below_0_4,O=S(=O)(NC1CCN(S(=O)(=O)c2ccc3c(c2)OCCO3)CC1)c1c(F)cccc1F,CCCc1cc(=O)oc2c3c(c4c(c12)OC(C)(C)C=C4)OC(C)C(C)(C)C3O,0.0638,Low similarity (0.064): Major reconstruction errors.
128,Low_Similarity_Below_0_4,NC(=O)c1cc(-c2ccc(Br)cc2)nnc1Cl,CN(C)c1ncnc2c1ncn2Cc1cccc(CO)c1,0.0746,Low similarity (0.075): Major reconstruction errors.
129,Low_Similarity_Below_0_4,O=C1CCC(c2ccccc2)(C2CCN(Cc3ccc(Cl)cc3)CC2)C(=O)N1,O=C(c1ccc(Cl)cc1)c1ccc(-n2ncc(=O)[nH]c2=O)cc1Cl,0.1711,Low similarity (0.171): Major reconstruction errors.
130,Low_Similarity_Below_0_4,CC1Sc2ccc(S(=O)(=O)N3CCC(C(=O)NCc4ccccc4)CC3)cc2NC1=O,Cc1cc(-n2ncc(=O)[nH]c2=O)ccc1C(=O)c1ccc(Cl)cc1Cl,0.1319,Low similarity (0.132): Major reconstruction errors.
131,Low_Similarity_Below_0_4,CN1CCN(c2cnc3cc(Cl)ccc3n2)CC1,CN1CCN(C2=Nc3ccccc3Nc3ccc(Cl)cc32)CC1,0.3636,Low similarity (0.364): Major reconstruction errors.
132,Low_Similarity_Below_0_4,COc1cc2c(cc1OC)[C@@H]1C(=O)c3ccc4c(c3O[C@@H]1CO2)C[C@H](C(C)C)O4,COc1ccc(C2(O)OC(=O)C(c3ccc4c(c3)OCO4)=C2CC2CCCC2)cc1,0.1778,Low similarity (0.178): Major reconstruction errors.
133,Low_Similarity_Below_0_4,COc1cccc2c1C1CCN(CCNC(=O)c3ccc(F)cc3)CC1C2,COc1ccc(C2(O)OC(=O)C(c3ccc4c(c3)OCO4)=C2CC2CCCC2)cc1,0.1368,Low similarity (0.137): Major reconstruction errors.
134,Low_Similarity_Below_0_4,O=C(Nc1ccc(N2CCOCC2)c(Cl)c1)c1ccc(S(=O)(=O)N2CCOCC2)cc1,O=C(c1ccc(Cl)cc1)C(O)(Cn1cncn1)c1ccc(Cl)cc1,0.1486,Low similarity (0.149): Major reconstruction errors.
136,Low_Similarity_Below_0_4,C[C@@H]1CCCN(CC[C@@H](C)N(C)S(=O)(=O)c2cccc3ccccc23)C1,Cc1ccccc1C(=O)N1CCC(C(=O)Nc2ccc(S(=O)(=O)N(C)C(C)C)cc2)CC1,0.2469,Low similarity (0.247): Major reconstruction errors.
137,Low_Similarity_Below_0_4,Cn1cc(-c2ccc(S(C)(=O)=O)cc2)c([C@@H]2CCC(F)(F)C[C@H]2C(=O)NC2(C#N)CC2)n1,CN1CC(CN2CC(=O)NC2=O)CC2CC(C)(C)CCC21,0.1170,Low similarity (0.117): Major reconstruction errors.
139,Low_Similarity_Below_0_4,O=S(=O)(c1ccccc1Cl)N1CCC(N2CCC(O)(c3ccc(Cl)cc3)C2)CC1,CCCc1cc(=O)oc2c3c(c4c(c12)OC(C)(C)C=C4)OC(C)C(C)(C)C3O,0.0638,Low similarity (0.064): Major reconstruction errors.
140,Low_Similarity_Below_0_4,C[C@H]1CN(S(=O)(=O)C[C@]23CC[C@H](C[C@H]2O)C3(C)C)CCN1c1ccc(C(F)(F)F)cn1,Cc1cc(-n2ncc(=O)[nH]c2=O)ccc1C(=O)c1ccc(Cl)cc1Cl,0.0816,Low similarity (0.082): Major reconstruction errors.
142,Low_Similarity_Below_0_4,CC12CCC(=O)C=C1CCC1C2CCC2(C)C(O)CCC12,Cc1cc(-n2ncc(=O)[nH]c2=O)ccc1C(=O)c1ccc(Cl)cc1Cl,0.0633,Low similarity (0.063): Major reconstruction errors.
143,Low_Similarity_Below_0_4,CCCCN1CCN2CC(c3ccccc3)c3ccccc3C2C1,CCCc1cc(=O)oc2c3c(c4c(c12)OC(C)(C)C=C4)OC(C)C(C)(C)C3O,0.0824,Low similarity (0.082): Major reconstruction errors.
145,Low_Similarity_Below_0_4,O=C1N(Cc2ccccc2)c2ccccc2C12OCCO2,O=C(c1ccc(Cl)cc1)c1ccc(-n2ncc(=O)[nH]c2=O)cc1Cl,0.0857,Low similarity (0.086): Major reconstruction errors.
147,Low_Similarity_Below_0_4,Cn1cc(C2=NCC3(CN4CCC3CC4)O2)c2cc(O)ccc21,CN1CC(CN2CC(=O)NC2=O)CC2CC(C)(C)CCC21,0.0941,Low similarity (0.094): Major reconstruction errors.
148,Low_Similarity_Below_0_4,CC(=O)N1CCCc2cc(S(=O)(=O)N3CCC(C(=O)NCc4ccc(C)cc4)CC3)ccc21,CC(=O)NCC1CN(c2ccc(N3CCN(C(=O)Nc4ccccn4)CC3)c(F)c2)C(=O)O1,0.1731,Low similarity (0.173): Major reconstruction errors.
149,Low_Similarity_Below_0_4,Cc1nc([C@H](C(=O)N(C)C)N2C(=O)[C@@H](C3Cc4ccccc4C3)NC(=O)[C@H]2CC(C)C)cs1,Cc1cc(C(=O)N2CCCCc3ccccc32)ccc1CNC(=O)N1CCCC1C(=O)N(C)C,0.1827,Low similarity (0.183): Major reconstruction errors.
151,Low_Similarity_Below_0_4,CCOC(=O)c1cccc(N2C(N)=NC(N)=NC2(C)C)c1,CCCc1cc(=O)oc2c3c(c4c(c12)OC(C)(C)C=C4)OC(C)C(C)(C)C3O,0.1034,Low similarity (0.103): Major reconstruction errors.
152,Low_Similarity_Below_0_4,CC(=O)N1c2ccc(S(=O)(=O)N3CCC(C(=O)NC4CCCC(C)C4C)CC3)cc2CC1C,CC(=O)NCC1CN(c2ccc(N3CCN(C(=O)Nc4ccccn4)CC3)c(F)c2)C(=O)O1,0.1509,Low similarity (0.151): Major reconstruction errors.
153,Low_Similarity_Below_0_4,CC1CCN(CC[C@@H](C)N(C)S(=O)(=O)c2ccc(Cl)c(Cl)c2)CC1,Cc1ccccc1C(=O)N1CCC(C(=O)Nc2ccc(S(=O)(=O)N(C)C(C)C)cc2)CC1,0.2763,Low similarity (0.276): Major reconstruction errors.
154,Low_Similarity_Below_0_4,CC(=O)N1CC[C@H](c2ccccc2)[C@@H]1C(=O)N1CCN(c2ccc(C)cc2[C@@H](N)C(C)C)CC1,CC(C)C(N)c1cccc(F)c1N1CCN(C(=O)C2CCOC2c2ccc(Cl)cc2)CC1,0.3412,Low similarity (0.341): Major reconstruction errors.
155,Low_Similarity_Below_0_4,O=C(N[C@@H]1CCCCN(Cc2ccccc2)C1=O)N1CCC(N2Cc3ccccc3NC2=O)CC1,O=C(c1ccc(Cl)cc1)C(O)(Cn1cncn1)c1ccc(Cl)cc1,0.0899,Low similarity (0.090): Major reconstruction errors.
156,Low_Similarity_Below_0_4,COc1cc(CC(C)N)c(OC)cc1I,COc1ccc(C2(O)OC(=O)C(c3ccc4c(c3)OCO4)=C2CC2CCCC2)cc1,0.1233,Low similarity (0.123): Major reconstruction errors.
157,Low_Similarity_Below_0_4,Oc1c(Cl)c(OCC(F)(F)F)nc(C(Cl)(Cl)Cl)c1Cl,COc1ccc(C2(O)OC(=O)C(c3ccc4c(c3)OCO4)=C2CC2CCCC2)cc1,0.0494,Low similarity (0.049): Major reconstruction errors.
159,Low_Similarity_Below_0_4,O=C(O)c1cn(C2CC2)c2cc(N3CCNCC3)c(F)cc2c1=O,O=C(O)CCCCCNC(=O)N1CCC2(CC1)CCN(c1ccncc1)C2,0.1310,Low similarity (0.131): Major reconstruction errors.
160,Low_Similarity_Below_0_4,C=CC[C@]1(O)CCC2C3CCC4=CC(=O)CCC4C3CC[C@@]21C,O=C(O)CCCCCCC(=O)N1CCC2(CCN(c3ccncc3)CC2)C1,0.0976,Low similarity (0.098): Major reconstruction errors.
161,Low_Similarity_Below_0_4,CCCn1cc(CCN(C)C)c2cc(OC)ccc21,CCCc1cc(=O)oc2c3c(c4c(c12)OC(C)(C)C=C4)OC(C)C(C)(C)C3O,0.1084,Low similarity (0.108): Major reconstruction errors.
162,Low_Similarity_Below_0_4,Nc1ccc(S(=O)(=O)Nc2nccs2)cc1,Nc1nc(N)c2c(Sc3ccc(Cl)c(Cl)c3)cccc2n1,0.0968,Low similarity (0.097): Major reconstruction errors.
163,Low_Similarity_Below_0_4,N#Cc1c(NC(=O)c2cc(S(=O)(=O)N3CCOCC3)c(F)cc2Cl)sc2c1CCC2,CN1CC(CN2CC(=O)NC2=O)CC2CC(C)(C)CCC21,0.0606,Low similarity (0.061): Major reconstruction errors.
164,Low_Similarity_Below_0_4,COc1cccc2c1C(CCCN1CCN(c3ccccn3)CC1)=CCC2,COc1ccc(C2(O)OC(=O)C(c3ccc4c(c3)OCO4)=C2CC2CCCC2)cc1,0.1042,Low similarity (0.104): Major reconstruction errors.
165,Low_Similarity_Below_0_4,CCCN(CCc1ccsc1)C1CCc2c(O)cccc2C1,CCCc1cc(=O)oc2c3c(c4c(c12)OC(C)(C)C=C4)OC(C)C(C)(C)C3O,0.1099,Low similarity (0.110): Major reconstruction errors.
166,Low_Similarity_Below_0_4,CN(C)CCC1=C(c2ccc(C(C)(C)C)cc2)N2CCCN=C2c2ccccc21,CN(C)c1ncnc2c1ncn2Cc1cccc(CO)c1,0.1282,Low similarity (0.128): Major reconstruction errors.
167,Low_Similarity_Below_0_4,COc1ccc(C2CN3CCN(C)CC3c3ccccc32)cc1,COc1ccc(C2(O)OC(=O)C(c3ccc4c(c3)OCO4)=C2CC2CCCC2)cc1,0.1795,Low similarity (0.179): Major reconstruction errors.
168,Low_Similarity_Below_0_4,O=C(O)C1Cc2cc3c(-c4ccccc4F)noc3cc2O1,O=C(O)CCCCCNC(=O)N1CCC2(CC1)CCN(c1ccncc1)C2,0.1190,Low similarity (0.119): Major reconstruction errors.
169,Low_Similarity_Below_0_4,N#Cc1ccc(-c2cc(C(N)=O)c(Cl)nn2)cc1,CN1CC(CN2CC(=O)NC2=O)CC2CC(C)(C)CCC21,0.0260,Low similarity (0.026): Major reconstruction errors.
170,Low_Similarity_Below_0_4,COc1cccc(CC(=O)O)c1-c1ccc(Cl)cc1,COc1ccc(C2(O)OC(=O)C(c3ccc4c(c3)OCO4)=C2CC2CCCC2)cc1,0.2000,Low similarity (0.200): Major reconstruction errors.
171,Low_Similarity_Below_0_4,CC(C)(C)OC(=O)N1CCN(c2ccc(C(=O)Nc3cccc(Br)c3)cc2)CC1,CC(C)C(N)c1cccc(F)c1N1CCN(C(=O)C2NCCC2c2ccc(Cl)cc2)CC1,0.1778,Low similarity (0.178): Major reconstruction errors.
172,Low_Similarity_Below_0_4,Cc1ccc(Sc2cncc3sc(C(=O)O)cc23)cc1,Cc1ccccc1C(=O)N1CCC(C(=O)Nc2ccc(S(=O)(=O)N3CCCCC3)cc2)CC1,0.0976,Low similarity (0.098): Major reconstruction errors.
173,Low_Similarity_Below_0_4,CCOC(=O)c1ccc(NC(=O)Nc2ccc3c(c2)C(C)=CC(C)(C)N3C)cc1,CCCc1cc(=O)oc2c3c(c4c(c12)OC(C)(C)C=C4)OC(C)C(C)(C)C3O,0.1000,Low similarity (0.100): Major reconstruction errors.
174,Low_Similarity_Below_0_4,CC1(C)CC(=O)C2=C(C1)N(Cc1ccco1)C(=O)C2(NC(=O)C1CCCCC1)C(F)(F)F,CC(C)C(N)c1cccc(F)c1N1CCN(C(=O)C2CCOC2c2ccc(Cl)cc2)CC1,0.1456,Low similarity (0.146): Major reconstruction errors.
175,Low_Similarity_Below_0_4,Cc1cc(Cl)nnc1NS(=O)(=O)c1cccc2c(N(C)C)cccc12,Cc1cc(-n2ncc(=O)[nH]c2=O)ccc1C(=O)c1ccc(Cl)cc1Cl,0.1429,Low similarity (0.143): Major reconstruction errors.
176,Low_Similarity_Below_0_4,COc1ccccc1N1CCN(C(=O)c2cc3ccccc3[nH]2)CC1,COc1ccc(C2(O)OC(=O)C(c3ccc4c(c3)OCO4)=C2CC2CCCC2)cc1,0.1279,Low similarity (0.128): Major reconstruction errors.
177,Low_Similarity_Below_0_4,COc1ccc(-c2ccc(N3CC(CNC(C)=O)OC3=O)cc2F)ccc1=O,COc1ccc(C2(O)OC(=O)C(c3ccc4c(c3)OCO4)=C2CC2CCCC2)cc1,0.1702,Low similarity (0.170): Major reconstruction errors.
179,Low_Similarity_Below_0_4,c1cc(CN2CCC(C3=NCCN3)CC2)ccc1CN1CCC(C2=NCCN2)CC1,Nc1nc(N)c2c(n1)CCC(Cc1ccc(OC(F)(F)F)cc1)C2,0.1515,Low similarity (0.152): Major reconstruction errors.
180,Low_Similarity_Below_0_4,O=C1N(CN2CCCCC2)c2ccccc2C12SCCS2,O=C(c1ccc(Cl)cc1)c1ccc(-n2ncc(=O)[nH]c2=O)cc1Cl,0.0822,Low similarity (0.082): Major reconstruction errors.
181,Low_Similarity_Below_0_4,COc1oc(=O)c2cc(NC(=O)C(F)(F)C(F)(F)C(F)(F)F)ccc2c1Cl,COc1ccc(C2(O)OC(=O)C(c3ccc4c(c3)OCO4)=C2CC2CCCC2)cc1,0.1364,Low similarity (0.136): Major reconstruction errors.
182,Low_Similarity_Below_0_4,Cc1ccc(C(=O)c2ccc(-n3ncc(=O)[nH]c3=O)cc2)cc1,Cc1ccccc1C(=O)N1CCC(C(=O)Nc2ccc(S(=O)(=O)N3CCCCC3)cc2)CC1,0.1184,Low similarity (0.118): Major reconstruction errors.
183,Low_Similarity_Below_0_4,c1ccc(-c2nc3n(c2-c2ccc4c(c2)OCO4)CCC3)nc1,CCCc1cc(=O)oc2c3c(c4c(c12)OC(C)(C)C=C4)OC(C)C(C)C3O,0.0538,Low similarity (0.054): Major reconstruction errors.
184,Low_Similarity_Below_0_4,Cc1[nH]n(C(C)C)c(=O)c1C1(C(F)(F)F)C(=O)N(c2ccccc2)C2=C1C(=O)CC(C)(C)C2,Cc1cc(-n2ncc(=O)[nH]c2=O)ccc1C(=O)c1ccc(Cl)cc1Cl,0.1124,Low similarity (0.112): Major reconstruction errors.
185,Low_Similarity_Below_0_4,O=C1NC(=O)C(CC#Cc2ccc(F)cc2)(S(=O)(=O)c2ccc(Cl)cc2)S1,O=C(c1ccc(Cl)cc1)c1ccc(-n2ncc(=O)[nH]c2=O)cc1Cl,0.1429,Low similarity (0.143): Major reconstruction errors.
186,Low_Similarity_Below_0_4,O=C1NCCN1CCCN1CCN(C2CC(c3ccc(F)cc3)c3cc(Cl)ccc32)CC1,O=C(c1ccc(Cl)cc1)c1ccc(-n2ncc(=O)[nH]c2=O)cc1Cl,0.1395,Low similarity (0.140): Major reconstruction errors.
187,Low_Similarity_Below_0_4,CC(=O)c1cccnc1N1CCN(C(=O)c2cc3ccccc3[nH]2)CC1,CC(C)C(N)c1cccc(F)c1N1CCN(C(=O)C2CCOC2c2ccc(Cl)cc2)CC1,0.1667,Low similarity (0.167): Major reconstruction errors.
188,Low_Similarity_Below_0_4,O=S(=O)(CS(=O)(=O)C(F)(F)F)c1ccc(Br)cc1,CCCc1cc(=O)oc2c3c(c4c(c12)OC(C)(C)C=C4)OC(C)C(C)(C)C3O,0.0533,Low similarity (0.053): Major reconstruction errors.
189,Low_Similarity_Below_0_4,CC(=O)N1CC[C@H](c2ccc(C)cc2)[C@@H]1C(=O)N1CCN(c2ccc(C)cc2[C@@H](N)C(C)C)CC1,CC(C)C(N)c1cccc(F)c1N1CCN(C(=O)C2CCOC2c2ccc(Cl)cc2)CC1,0.3494,Low similarity (0.349): Major reconstruction errors.
190,Low_Similarity_Below_0_4,O=C1NC(c2cc(Br)co2)Nc2ncccc21,O=C(c1ccc(Cl)cc1)c1ccc(-n2ncc(=O)[nH]c2=O)cc1Cl,0.1096,Low similarity (0.110): Major reconstruction errors.
191,Low_Similarity_Below_0_4,c1ccc2c(C3=NCC4(CN5CCC4CC5)O3)csc2c1,Cc1ccccc1CC1CCc2nc(N)nc(N)c2C1,0.1216,Low similarity (0.122): Major reconstruction errors.
192,Low_Similarity_Below_0_4,COc1cc(C(F)(F)F)c(OC)cc1CC(C)N,COc1ccc(C2(O)OC(=O)C(c3ccc4c(c3)OCO4)=C2CC2CCCC2)cc1,0.1184,Low similarity (0.118): Major reconstruction errors.
193,Low_Similarity_Below_0_4,Clc1ccc(N2CCN(Cc3cnn4c3CCCC4)CC2)cc1,O=C(c1ccc(Cl)cc1)c1ccc(-n2ncc(=O)[nH]c2=O)cc1Cl,0.2059,Low similarity (0.206): Major reconstruction errors.
194,Low_Similarity_Below_0_4,CCNCC1CCN(c2c(F)cc3c(=O)c(C(=O)O)cn(C4(C)CC4)c3c2F)C1,CCCc1cc(=O)oc2c3c(c4c(c12)OC(C)(C)C=C4)OC(C)C(C)(C)C3O,0.1414,Low similarity (0.141): Major reconstruction errors.
196,Low_Similarity_Below_0_4,COc1cccc2c1CCC[C@H]2CN(CCc1ccc2c(c1)OCO2)C1CC1,COc1ccc(C2(O)OC(=O)C(c3ccc4c(c3)OCO4)=C2CC2CCCC2)cc1,0.2824,Low similarity (0.282): Major reconstruction errors.
197,Low_Similarity_Below_0_4,COc1ccc(-c2cc(O)c3cc4c(cc3n2)OCO4)c(OC)c1OC,COc1ccc(C2(O)OC(=O)C(c3ccc4c(c3)OCO4)=C2CC2CCCC2)cc1,0.2125,Low similarity (0.212): Major reconstruction errors.
198,Low_Similarity_Below_0_4,COc1ccncc1/C(Br)=C/c1ccc(N2C[C@H](CNC(C)=O)OC2=O)cc1F,COc1ccc(C2(O)OC(=O)C(c3ccc4c(c3)OCO4)=C2CC2CCCC2)cc1,0.1321,Low similarity (0.132): Major reconstruction errors.
199,Low_Similarity_Below_0_4,O=C1Nc2cccc3c2C1(CCCCN1CCN(c2ccccc2)CC1)CCC3,O=C(c1ccc(Cl)cc1)c1ccc(-n2ncc(=O)[nH]c2=O)cc1Cl,0.0952,Low similarity (0.095): Major reconstruction errors.
200,Low_Similarity_Below_0_4,Cc1cc(C)c(C(=O)OCc2cc(=O)c(OC(=O)C(C)(C)C)co2)c(C)c1,Cc1cc(C)c(C(=O)c2ccc(-n3ncc(=O)[nH]c3=O)cc2)c(C)c1,0.2174,Low similarity (0.217): Major reconstruction errors.
201,Low_Similarity_Below_0_4,O=C(OCN1C(=O)c2ccccc2S1(=O)=O)c1c(Cl)cccc1Cl,O=C(O)CCCCCNC(=O)N1CCC2(CC1)CCN(c1ccncc1)C2,0.1000,Low similarity (0.100): Major reconstruction errors.
202,Low_Similarity_Below_0_4,C=CCNc1ccc(-c2ccc(N3CC(CNC(C)=O)OC3=O)cc2)ccc1=O,O=C(c1ccc(Cl)cc1)c1ccc(-n2ncc(=O)[nH]c2=O)cc1Cl,0.1190,Low similarity (0.119): Major reconstruction errors.
203,Low_Similarity_Below_0_4,CCOc1nc(NC(=O)Cc2cc(Br)ccc2Br)cc(N)c1C#N,Cc1cc(-n2ncc(=O)[nH]c2=O)ccc1C(=O)c1ccc(Cl)cc1Cl,0.1023,Low similarity (0.102): Major reconstruction errors.
204,Low_Similarity_Below_0_4,COc1cccc2c1CCC[C@H]2CN(C)CCc1ccc2c(c1)OCC2,COc1ccc(C2(O)OC(=O)C(c3ccc4c(c3)OCO4)=C2CC2CCCC2)cc1,0.1848,Low similarity (0.185): Major reconstruction errors.
205,Low_Similarity_Below_0_4,O=S(=O)(NS(=O)(=O)N1CCc2c(Cl)cccc2C1)N1CCc2c(Cl)cccc2C1,CCCc1cc(=O)oc2c3c(c4c(c12)OC(C)(C)C=C4)OC(C)C(C)(C)C3O,0.0361,Low similarity (0.036): Major reconstruction errors.
206,Low_Similarity_Below_0_4,Cc1c(Cc2ccc(F)c(C(=O)N3CCN(C(=O)[C@@]4(C)CCCN4)CC3)c2)n[nH]c(=O)c1C,Cc1cc(C)c(C(=O)c2ccc(-n3ncc(=O)[nH]c3=O)cc2)c(C)c1,0.1494,Low similarity (0.149): Major reconstruction errors.
207,Low_Similarity_Below_0_4,C=CCNc1cccc(-c2ccc(N3CC(CNC(C)=O)OC3=O)cc2)cc1=O,O=C(c1ccc(Cl)cc1)c1ccc(-n2ncc(=O)[nH]c2=O)cc1Cl,0.1264,Low similarity (0.126): Major reconstruction errors.
208,Low_Similarity_Below_0_4,CCN(CC(=O)Nc1c(F)cccc1F)C(=O)C1CC(=O)N(c2ccc3c(c2)OCCO3)C1,CCCc1cc(=O)oc2c3c(c4c(c12)OC(C)(C)C=C4)OC(C)C(C)(C)C3O,0.0971,Low similarity (0.097): Major reconstruction errors.
209,Low_Similarity_Below_0_4,CN[C@@H]1CCN(C(=O)N2CC[C@H](N(C)C(=O)c3ccc(-c4ccc(C(F)(F)F)cc4)cc3)C2)C1,CNc1ncnc2c1ncn2Cc1c(F)cccc1F,0.1000,Low similarity (0.100): Major reconstruction errors.
210,Low_Similarity_Below_0_4,COc1cccc2c1OCCC2CN1CCC2(CC1)C(=O)NCN2c1ccccc1,COc1ccc(C2(O)OC(=O)C(c3ccc4c(c3)OCO4)=C2CC2CCCC2)cc1,0.1789,Low similarity (0.179): Major reconstruction errors.
211,Low_Similarity_Below_0_4,COc1cc(-c2ccc(N3CC(CNC(C)=O)OC3=O)cc2)cccc1=O,COc1ccc(C2(O)OC(=O)C(c3ccc4c(c3)OCO4)=C2CC2CCCC2)cc1,0.1910,Low similarity (0.191): Major reconstruction errors.
212,Low_Similarity_Below_0_4,CC1Cc2cc3c(cc2C(c2ccc(N)cc2)=NN1C(=O)C1CC1)OCO3,Cc1cc(-n2ncc(=O)[nH]c2=O)ccc1C(=O)c1ccc(Cl)cc1Cl,0.1310,Low similarity (0.131): Major reconstruction errors.
213,Low_Similarity_Below_0_4,COc1cccc2c1CCC[C@H]2CN(C)CCc1ccc2c(c1)CCS2,COc1ccc(C2(O)OC(=O)C(c3ccc4c(c3)OCO4)=C2CC2CCCC2)cc1,0.1474,Low similarity (0.147): Major reconstruction errors.
214,Low_Similarity_Below_0_4,Cc1ccccc1Sc1cncc2sc(C(N)=O)cc12,Cc1ccccc1C(=O)N1CCC(C(=O)Nc2ccc(S(=O)(=O)N3CCCCC3)cc2)CC1,0.1519,Low similarity (0.152): Major reconstruction errors.
215,Low_Similarity_Below_0_4,Cc1cc(-n2ccc(=O)[nH]c2=O)cc(Cl)c1S(=O)(=O)c1ccc(Cl)cc1,Cc1cc(-n2ncc(=O)[nH]c2=O)ccc1C(=O)c1ccc(Cl)cc1Cl,0.3333,Low similarity (0.333): Major reconstruction errors.
216,Low_Similarity_Below_0_4,C=C(C)CN1CCC23c4c5ccc(OC)c4O[C@H]2C(=O)C2(Cc4ccccc4C2)C[C@@]3(O)C1C5,CCCc1cc(=O)oc2c3c(c4c(c12)OC(C)(C)C=C4)OC(C)C(C)(C)C3O,0.1132,Low similarity (0.113): Major reconstruction errors.
217,Low_Similarity_Below_0_4,C[C@@H]1C(=O)N(C(=O)C2CC2)[C@H]2CCN(C(=O)[C@@H]3CCCN3C(=O)Nc3cccc(Cl)c3)[C@H]12,Cc1cc(-n2ncc(=O)[nH]c2=O)ccc1C(=O)c1ccc(Cl)cc1Cl,0.1705,Low similarity (0.170): Major reconstruction errors.
218,Low_Similarity_Below_0_4,COc1cc2c(c(OC)c1OC)-c1ccc(=O)c(OC)cc1C(NC(=O)C(F)(F)F)CC2,COc1ccc(C2(O)OC(=O)C(c3ccc4c(c3)OCO4)=C2CC2CCCC2)cc1,0.1398,Low similarity (0.140): Major reconstruction errors.
219,Low_Similarity_Below_0_4,COc1ccc2c(c1)-c1nc(-c3ccncc3)[nH]c1CCC2,COc1ccc(C2(O)OC(=O)C(c3ccc4c(c3)OCO4)=C2CC2CCCC2)cc1,0.1687,Low similarity (0.169): Major reconstruction errors.
220,Low_Similarity_Below_0_4,COc1ccc(-c2cc(C(N)=O)c(Cl)nn2)cc1,COc1ccc(C2(O)OC(=O)C(c3ccc4c(c3)OCO4)=C2CC2CCCC2)cc1,0.2027,Low similarity (0.203): Major reconstruction errors.
221,Low_Similarity_Below_0_4,O=C1c2ccccc2CC1C1OCCc2ccccc21,O=C(c1ccc(Cl)cc1)c1ccc(-n2ncc(=O)[nH]c2=O)cc1Cl,0.0704,Low similarity (0.070): Major reconstruction errors.
222,Low_Similarity_Below_0_4,CN1CCCC(C(=O)N2CCN(c3ccnc(NCc4ccc(Cl)cc4Cl)n3)CC2)C1,CN1CC(CN2CC(=O)NC2=O)CC2CC(C)(C)CCC21,0.1053,Low similarity (0.105): Major reconstruction errors.
223,Low_Similarity_Below_0_4,Cc1ccc(CNC(=O)C2CCCN2S(=O)(=O)c2ccc3c(c2)C(C)(C)C(=O)N3C)cc1,Cc1ccccc1C(=O)N1CCC(C(=O)Nc2ccc(S(=O)(=O)N3CCCCC3)cc2)CC1,0.2442,Low similarity (0.244): Major reconstruction errors.
224,Low_Similarity_Below_0_4,CC(C)N(C(=O)N1CCN(C(=O)N(c2ccccc2)c2ccccc2)[C@H](C(=O)O)C1)C(C)C,CC(C)C(N)c1cccc(F)c1N1CCN(C(=O)C2CCOC2c2ccc(Cl)cc2)CC1,0.1905,Low similarity (0.190): Major reconstruction errors.
225,Low_Similarity_Below_0_4,CC1(C)[C@H]2CC[C@](C)(C2)[C@@H]1NC(=O)c1ccc(Br)c(S(=O)(=O)N2CCCC2)c1,CC(C)C(N)c1cccc(F)c1N1CCN(C(=O)C2CCOC2c2ccc(Cl)cc2)CC1,0.1212,Low similarity (0.121): Major reconstruction errors.
226,Low_Similarity_Below_0_4,CC(C)(C)[C@H]1C(O)=C(C2=CS(=O)(=O)c3cc(C#N)ccc3N2)C(=O)N1Cc1ccc(F)cc1,CC(C)C(N)c1cccc(F)c1N1CCN(C(=O)C2NCCC2c2ccc(Cl)cc2)CC1,0.1038,Low similarity (0.104): Major reconstruction errors.
227,Low_Similarity_Below_0_4,CN(C)c1cccc2c(S(=O)(=O)Nc3ccc(Cl)cn3)cccc12,CN(C)c1ncnc2c1ncn2Cc1cccc(CO)c1,0.1739,Low similarity (0.174): Major reconstruction errors.
228,Low_Similarity_Below_0_4,Cc1ccc(S(=O)(=O)C2(CC#Cc3ccc(C(F)(F)F)cc3)SC(=O)NC2=O)cc1,Cc1cc(C(=O)N2CCCCc3ccccc32)ccc1CNC(=O)N1CCCC1C(=O)N(C)C,0.0673,Low similarity (0.067): Major reconstruction errors.
229,Low_Similarity_Below_0_4,Cc1ccc(NS(=O)(=O)c2cccc3c(N(C)C)cccc23)nc1,Cc1cc(-n2ncc(=O)[nH]c2=O)ccc1C(=O)c1ccc(Cl)cc1Cl,0.1039,Low similarity (0.104): Major reconstruction errors.
230,Low_Similarity_Below_0_4,COc1ccc2sc(C(N)=O)c(OC(C)C)c2c1,COc1ccc(C2(O)OC(=O)C(c3ccc4c(c3)OCO4)=C2CC2CCCC2)cc1,0.1519,Low similarity (0.152): Major reconstruction errors.
231,Low_Similarity_Below_0_4,COC(=O)c1ccc(N2C(N)=NC(N)=NC2(C)C)cc1,COc1ccc(C2(O)OC(=O)C(c3ccc4c(c3)OCO4)=C2CC2CCCC2)cc1,0.0964,Low similarity (0.096): Major reconstruction errors.
232,Low_Similarity_Below_0_4,COc1cccc(N(C)c2ccc(NC(=O)C3CC3)cc2)c1,COc1ccc(C2(O)OC(=O)C(c3ccc4c(c3)OCO4)=C2CC2CCCC2)cc1,0.1875,Low similarity (0.188): Major reconstruction errors.
233,Low_Similarity_Below_0_4,COc1cc(OC)cc([C@@H]2c3cc4c(cc3N[C@@H]3COC(=O)N23)OCO4)c1,COc1ccc(C2(O)OC(=O)C(c3ccc4c(c3)OCO4)=C2CC2CCCC2)cc1,0.2500,Low similarity (0.250): Major reconstruction errors.
234,Low_Similarity_Below_0_4,O=C(CN1CCOCC1)N1CCC(CNc2nc3c(s2)CCOc2ccc(F)cc2-3)CC1,O=C(c1ccc(Cl)cc1)C(O)(Cn1cncn1)c1ccc(Cl)cc1,0.0957,Low similarity (0.096): Major reconstruction errors.
235,Low_Similarity_Below_0_4,Cc1ccc2c(c1)-c1nc(-c3ccccn3)[nH]c1CCC2,Cc1ccccc1C(=O)N1CCC(C(=O)Nc2ccc(S(=O)(=O)N3CCCCC3)cc2)CC1,0.1084,Low similarity (0.108): Major reconstruction errors.
236,Low_Similarity_Below_0_4,Cc1ccnc(NS(=O)(=O)c2ccc(N)cc2)n1,CCCc1cc(=O)oc2c3c(c4c(c12)OC(C)(C)C=C4)OC(C)C(C)(C)C3O,0.0488,Low similarity (0.049): Major reconstruction errors.
237,Low_Similarity_Below_0_4,COc1cc2c(cc1OC)C1C(=O)c3ccc4c(c3OC1CO2)C(C)(C)C=CO4,COc1ccc(C2(O)OC(=O)C(c3ccc4c(c3)OCO4)=C2CC2CCCC2)cc1,0.1889,Low similarity (0.189): Major reconstruction errors.
238,Low_Similarity_Below_0_4,O=S(=O)(c1ccccc1Cl)N1CCC(N2CCC(O)(c3cccc(Cl)c3)CC2)CC1,CCCc1cc(=O)oc2c3c(c4c(c12)OC(C)(C)C=C4)OC(C)C(C)(C)C3O,0.0745,Low similarity (0.074): Major reconstruction errors.
239,Low_Similarity_Below_0_4,CCC(=O)N1N=C(c2ccc(N)cc2)c2cc3c(cc2CC1C)OCO3,CCCc1cc(=O)oc2c3c(c4c(c12)OC(C)(C)C=C4)OC(C)C(C)(C)C3O,0.1196,Low similarity (0.120): Major reconstruction errors.
240,Low_Similarity_Below_0_4,CCNCC1CCN(c2c(F)cc3c(=O)c(C(=O)O)cn(C4CCC4)c3c2F)C1,CCCc1cc(=O)oc2c3c(c4c(c12)OC(C)(C)C=C4)OC(C)C(C)(C)C3O,0.1200,Low similarity (0.120): Major reconstruction errors.
241,Low_Similarity_Below_0_4,CS(=O)(=O)c1ccc2c(c1)C(=O)CC1(CCN(C(=O)N[C@@H]3CC[C@@H](c4ccccc4)C3)CC1)O2,O=C(c1ccc(Cl)cc1)C(O)(Cn1cncn1)c1ccc(Cl)cc1,0.0860,Low similarity (0.086): Major reconstruction errors.
242,Low_Similarity_Below_0_4,O=C(NCc1ccc(Cl)cc1Cl)c1cc(-c2ccncc2)nnc1Cl,O=C(c1ccc(Cl)cc1)C(O)(Cn1cncn1)c1ccc(Cl)cc1,0.1857,Low similarity (0.186): Major reconstruction errors.
243,Low_Similarity_Below_0_4,O=C(NCCc1c[nH]c2ccccc12)c1ccccc1Br,O=C(c1ccc(Cl)cc1)C(O)(Cn1cncn1)c1ccc(Cl)cc1,0.0986,Low similarity (0.099): Major reconstruction errors.
244,Low_Similarity_Below_0_4,O=C1c2ccccc2CCCN1CCN1CCC(Oc2ccc(Cl)cc2)CC1,O=C(c1ccc(Cl)cc1)c1ccc(-n2ncc(=O)[nH]c2=O)cc1Cl,0.1392,Low similarity (0.139): Major reconstruction errors.
245,Low_Similarity_Below_0_4,N#Cc1ccc(-c2cc(C(N)=O)c(Cl)nn2)cc1Cl,CN1CCN(CC(=O)N2CCC(CNc3nc4c(s3)CCCc3ccc(F)cc3-4)CC2)CC1,0.0860,Low similarity (0.086): Major reconstruction errors.
246,Low_Similarity_Below_0_4,C[C@@H]1CN(C(=O)[C@@H]2CN(C(C)(C)C)C[C@H]2c2ccc(F)cc2F)C[C@H](C)[C@@]1(O)c1ccccn1,Cc1cc(-n2ncc(=O)[nH]c2=O)ccc1C(=O)c1ccc(Cl)cc1Cl,0.1183,Low similarity (0.118): Major reconstruction errors.
247,Low_Similarity_Below_0_4,O=C(N[C@H]1CCCCN(Cc2ccccc2)C1=O)N1CCC(N2Cc3ccccc3NC2=O)CC1,O=C(c1ccc(Cl)cc1)C(O)(Cn1cncn1)c1ccc(Cl)cc1,0.0899,Low similarity (0.090): Major reconstruction errors.
248,Low_Similarity_Below_0_4,Cn1nc(C(F)(F)F)c(Br)c1C(=O)Nc1ccc(S(=O)(=O)N2CCCC2)cc1,CN1CC(CN2CC(=O)NC2=O)CC2CC(C)(C)CCC21,0.0941,Low similarity (0.094): Major reconstruction errors.
251,Low_Similarity_Below_0_4,CN1CCC(CC(=O)N2CCN(C3c4ccc(Cl)cc4CCc4cccnc43)CC2)CC1,CN1CC(CN2CC(=O)NC2=O)CC2CC(C)(C)CCC21,0.1111,Low similarity (0.111): Major reconstruction errors.
252,Low_Similarity_Below_0_4,O=C(c1ccc(S(=O)(=O)NCC2CCCO2)cc1)N1CCN(c2cccc(Cl)c2)CC1,O=C(c1ccc(Cl)cc1)C(O)(Cn1cncn1)c1ccc(Cl)cc1,0.1585,Low similarity (0.159): Major reconstruction errors.
253,Low_Similarity_Below_0_4,CN(C)C(=O)[C@@H]([C@H]1CC[C@@H](C2CCc3ncnn3C2)CC1)[C@H](N)C(=O)N1CCC(F)(F)C1,CCCC(=O)Nc1ccc(Oc2cccc(OC)c2)cc1,0.0652,Low similarity (0.065): Major reconstruction errors.
254,Low_Similarity_Below_0_4,CC1Cc2cc3c(cc2C(c2ccc(N)cc2)=NN1C(=O)CN)OCO3,Cc1cc(-n2ncc(=O)[nH]c2=O)ccc1C(=O)c1ccc(Cl)cc1Cl,0.1176,Low similarity (0.118): Major reconstruction errors.
255,Low_Similarity_Below_0_4,CC(C)NCC(O)COC(=O)c1cccc2ccccc12,CC(C)C(N)c1cccc(F)c1N1CCN(C(=O)C2NCCC2c2ccc(Cl)cc2)CC1,0.1264,Low similarity (0.126): Major reconstruction errors.
256,Low_Similarity_Below_0_4,Cc1nccn1N[C@H]1c2cc(S(=O)(=O)N3CCCCC3)ccc2OC(C)(C)[C@@H]1O,Cc1cc(-n2ncc(=O)[nH]c2=O)ccc1C(=O)c1ccc(Cl)cc1Cl,0.1087,Low similarity (0.109): Major reconstruction errors.
257,Low_Similarity_Below_0_4,CC(=O)NC[C@H]1CN(c2ccc(N3CCN(c4nc(C)cc(C)c4C#N)CC3)c(F)c2)C(=O)O1,CC(C)C(N)c1cccc(F)c1N1CCN(C(=O)C2CCOC2c2ccc(Cl)cc2)CC1,0.1589,Low similarity (0.159): Major reconstruction errors.
258,Low_Similarity_Below_0_4,O=C(N[C@@H]1CCCN(Cc2ccccc2)C1=O)N1CCC(N2Cc3ccccc3NC2=O)CC1,O=C(c1ccc(Cl)cc1)C(O)(Cn1cncn1)c1ccc(Cl)cc1,0.0909,Low similarity (0.091): Major reconstruction errors.
259,Low_Similarity_Below_0_4,CCc1nnc2c(NC3CC3)nc3ccccc3n12,CCCc1cc(=O)oc2c3c(c4c(c12)OC(C)(C)C=C4)OC(C)C(C)(C)C3O,0.0690,Low similarity (0.069): Major reconstruction errors.
260,Low_Similarity_Below_0_4,COc1cc(C(C)(C)C)c(OC)cc1CC(C)N,COc1ccc(C2(O)OC(=O)C(c3ccc4c(c3)OCO4)=C2CC2CCCC2)cc1,0.1200,Low similarity (0.120): Major reconstruction errors.
261,Low_Similarity_Below_0_4,CNC(=O)N1CCC(CC(=O)N2CCN(C3c4ccc(Cl)cc4CCc4cccnc43)CC2)CC1,CNC(=O)c1cnc(N2CCN(C3CCN(Cc4ccc(Cl)cc4)C(C)C3)CC2)c(Cl)c1,0.2632,Low similarity (0.263): Major reconstruction errors.
262,Low_Similarity_Below_0_4,C[C@]12CCC(=O)C=C1CCC1C2CC[C@@]2(C)C1CC[C@@H]2OC1CC1,Cc1cc(-n2ncc(=O)[nH]c2=O)ccc1C(=O)c1ccc(Cl)cc1Cl,0.0602,Low similarity (0.060): Major reconstruction errors.
264,Low_Similarity_Below_0_4,Cc1ccc(S(=O)(=O)C2(CC#Cc3ccc(Cl)cc3)SC(=O)NC2=O)cc1,Cc1cc(C(=O)N2CCCCc3ccccc32)ccc1CNC(=O)N1CCCC1C(=O)N(C)C,0.0693,Low similarity (0.069): Major reconstruction errors.
265,Low_Similarity_Below_0_4,CN1Cc2c(C(=O)OCCC(C)(C)C)ncn2-c2ccc(Cl)cc2C1=O,CN1CCN(CC(=O)N2c3ccccc3C(=O)Nc3cccnc32)CC1,0.1839,Low similarity (0.184): Major reconstruction errors.
266,Low_Similarity_Below_0_4,O=C(C1CCCCN1)N1CCN(Cc2ccncc2)CC1,O=C(c1ccc(Cl)cc1)c1ccc(-n2ncc(=O)[nH]c2=O)cc1Cl,0.1370,Low similarity (0.137): Major reconstruction errors.
267,Low_Similarity_Below_0_4,O=C1C(Cl)=C(Nc2ccc(I)cc2)C(=O)c2ncccc21,O=C(O)CCCCCNC(=O)N1CCC2(CC1)CCN(c1ccncc1)C2,0.0909,Low similarity (0.091): Major reconstruction errors.
268,Low_Similarity_Below_0_4,Cc1ccc(Sc2nccc3sc(C(N)=O)cc23)cc1,Cc1ccccc1C(=O)N1CCC(C(=O)Nc2ccc(S(=O)(=O)N3CCCCC3)cc2)CC1,0.0976,Low similarity (0.098): Major reconstruction errors.
270,Low_Similarity_Below_0_4,CN1CCN2CC(c3ccc(N)cc3)c3ccccc3C2C1,CN1CCN(C2=Nc3ccccc3Nc3ccc(Cl)cc32)CC1,0.2031,Low similarity (0.203): Major reconstruction errors.
271,Low_Similarity_Below_0_4,CN(C)S(=O)(=O)c1ccc(N2CCCC2)c(C(=O)NCc2cccc(C(F)(F)F)c2)c1,CN(C)c1ncnc2c1ncn2Cc1cccc(CO)c1,0.1585,Low similarity (0.159): Major reconstruction errors.
272,Low_Similarity_Below_0_4,CN(CCc1ccc2c(c1)OCO2)CC1CCCc2c1ccc1c2OCO1,CN(C)c1ncnc2c1ncn2Cc1cccc(CO)c1,0.1282,Low similarity (0.128): Major reconstruction errors.
274,Low_Similarity_Below_0_4,CN(C)CCNC(=O)c1c(O)c2cccnc2n(-c2ccccc2)c1=O,CN(C)c1ncnc2c1ncn2Cc1cccc(CO)c1,0.1688,Low similarity (0.169): Major reconstruction errors.
275,Low_Similarity_Below_0_4,Cc1[nH]c(/C=C2\C(=O)Nc3ccccc32)c(C)c1CCCN1CCN(C)CC1,Cc1cc(C)c(C(=O)c2ccc(-n3ncc(=O)[nH]c3=O)cc2)c(C)c1,0.1250,Low similarity (0.125): Major reconstruction errors.
276,Low_Similarity_Below_0_4,COc1ccc(S(=O)(=O)C2(CC#Cc3ccc(Cl)cc3)SC(=O)NC2=O)cc1,COc1ccc(C2(O)OC(=O)C(c3ccc4c(c3)OCO4)=C2CC2CCCC2)cc1,0.1839,Low similarity (0.184): Major reconstruction errors.
277,Low_Similarity_Below_0_4,CCC(c1ccc(O)c(F)c1)C(CC)c1ccc(O)c(F)c1,CCCc1cc(=O)oc2c3c(c4c(c12)OC(C)(C)C=C4)OC(C)C(C)(C)C3O,0.1143,Low similarity (0.114): Major reconstruction errors.
278,Low_Similarity_Below_0_4,CCCNc1cccnc1N1CCN(C(=O)c2cc3ccccc3[nH]2)CC1,CCCc1cc(=O)oc2c3c(c4c(c12)OC(C)(C)C=C4)OC(C)C(C)(C)C3O,0.0816,Low similarity (0.082): Major reconstruction errors.
279,Low_Similarity_Below_0_4,COc1cccc2c(C(=O)N[C@H]3C4(C)CCC(C4)C3(C)C)c(C)n(CCN3CCOCC3)c12,COc1ccc(C2(O)OC(=O)C(c3ccc4c(c3)OCO4)=C2CC2CCCC2)cc1,0.1442,Low similarity (0.144): Major reconstruction errors.
280,Low_Similarity_Below_0_4,COc1ccc(NC(=O)N2CCN(c3cccc4c3CCCC4)CC2)cc1N1CCN(C)CC1,COc1ccc(C2(O)OC(=O)C(c3ccc4c(c3)OCO4)=C2CC2CCCC2)cc1,0.1277,Low similarity (0.128): Major reconstruction errors.
281,Low_Similarity_Below_0_4,CN1CCc2cc(Cl)c(O)cc2C(c2cccc(Br)c2)C1,CN1CCN(CC(=O)N2c3ccccc3C(=O)Nc3cccnc32)CC1,0.1341,Low similarity (0.134): Major reconstruction errors.
282,Low_Similarity_Below_0_4,CN1CCC[C@H]1CN1CCN(Cc2cccnc2)CC1,CN1CC(CN2CC(=O)NC2=O)CC2CC(C)(C)CCC21,0.1389,Low similarity (0.139): Major reconstruction errors.
283,Low_Similarity_Below_0_4,CCNc1ncnc2c1ncn2Cc1ccccc1,CCCc1cc(=O)oc2c3c(c4c(c12)OC(C)(C)C=C4)OC(C)C(C)(C)C3O,0.0714,Low similarity (0.071): Major reconstruction errors.
284,Low_Similarity_Below_0_4,O=C1CN(c2ncccc2C(F)(F)F)CCN1S(=O)(=O)c1ccc(Cl)c(Cl)c1,O=C(c1ccc(Cl)cc1)c1ccc(-n2ncc(=O)[nH]c2=O)cc1Cl,0.1358,Low similarity (0.136): Major reconstruction errors.
285,Low_Similarity_Below_0_4,CCN(CC)C(=O)c1ccc(N(c2ccccc2)[C@@H]2C[C@H]3CC[C@@H](C2)N3)cc1,CCCc1cc(=O)oc2c3c(c4c(c12)OC(C)(C)C=C4)OC(C)C(C)(C)C3O,0.0805,Low similarity (0.080): Major reconstruction errors.
286,Low_Similarity_Below_0_4,COc1cc2ncnc(Nc3cccc(Cl)c3)c2cc1OC,COc1ccc(C2(O)OC(=O)C(c3ccc4c(c3)OCO4)=C2CC2CCCC2)cc1,0.1071,Low similarity (0.107): Major reconstruction errors.
288,Low_Similarity_Below_0_4,COc1cccc2c1C[C@H]1C[C@@H](C(=O)N3CCN(c4ccc(C(N)=O)cc4)CC3)CN(C)[C@@H]1C2,COc1ccc(C2(O)OC(=O)C(c3ccc4c(c3)OCO4)=C2CC2CCCC2)cc1,0.1188,Low similarity (0.119): Major reconstruction errors.
289,Low_Similarity_Below_0_4,COc1ccc(CN([C@@H]2CC(F)(F)CCNC2=O)S(=O)(=O)c2ccc(Cl)s2)cn1,COc1ccc(C2(O)OC(=O)C(c3ccc4c(c3)OCO4)=C2CC2CCCC2)cc1,0.1262,Low similarity (0.126): Major reconstruction errors.
290,Low_Similarity_Below_0_4,Cc1ccc2c(c1)-c1nc(-c3ccncc3)[nH]c1CCC2,Cc1ccccc1C(=O)N1CCC(C(=O)Nc2ccc(S(=O)(=O)N3CCCCC3)cc2)CC1,0.0843,Low similarity (0.084): Major reconstruction errors.
291,Low_Similarity_Below_0_4,Cn1nc(C(F)(F)C(F)(F)F)c2c1CCN(C(=O)C[C@H](N)Cc1cc(F)ccc1F)C2,CN1CC(CN2CC(=O)NC2=O)CC2CC(C)(C)CCC21,0.0957,Low similarity (0.096): Major reconstruction errors.
292,Low_Similarity_Below_0_4,CC(=O)NC1C(=O)[C@]2(CS(=O)(=O)N3CCC4(CCc5ccccc54)CC3)CCC1C2(C)C,CC(=O)NCC1CN(c2ccc(N3CCN(C(=O)Nc4ccccn4)CC3)c(F)c2)C(=O)O1,0.1942,Low similarity (0.194): Major reconstruction errors.
295,Low_Similarity_Below_0_4,CCCCc1nnc2c(NC3CCCC3)nc3ccccc3n12,CCCc1cc(=O)oc2c3c(c4c(c12)OC(C)(C)C=C4)OC(C)C(C)(C)C3O,0.0879,Low similarity (0.088): Major reconstruction errors.
296,Low_Similarity_Below_0_4,N#CC1=C(NCC(=O)N2CCCCC2)N(c2ccccc2)C(=O)N2CCCCC(N3CCCC3)C12,CN1CCN(C2=Nc3ccccc3Nc3ccc(Cl)cc32)CC1,0.0899,Low similarity (0.090): Major reconstruction errors.
297,Low_Similarity_Below_0_4,OC(c1ccccc1Cl)C(O)(Cn1ccnc1)c1ccccc1Cl,O=C(c1ccc(Cl)cc1)c1ccc(-n2ncc(=O)[nH]c2=O)cc1Cl,0.1081,Low similarity (0.108): Major reconstruction errors.
298,Low_Similarity_Below_0_4,COc1cc(C2C(C#N)=C(N)Oc3cc(Br)ccc32)cc(Br)c1OC,COc1ccc(C2(O)OC(=O)C(c3ccc4c(c3)OCO4)=C2CC2CCCC2)cc1,0.1222,Low similarity (0.122): Major reconstruction errors.
300,Low_Similarity_Below_0_4,CC(=O)NC[C@H]1CN(c2ccc(N3CCN(C(=O)c4cc(Cl)no4)CC3)c(F)c2)C(=O)O1,CC(C)C(N)c1cccc(F)c1N1CCN(C(=O)C2CCOC2c2ccc(Cl)cc2)CC1,0.2079,Low similarity (0.208): Major reconstruction errors.
301,Low_Similarity_Below_0_4,Cc1c(Cc2ccc(F)c(C(=O)N3CCN(C(=O)C4(C)CCCO4)CC3)c2)n[nH]c(=O)c1C,Cc1cc(C)c(C(=O)c2ccc(-n3ncc(=O)[nH]c3=O)cc2)c(C)c1,0.1477,Low similarity (0.148): Major reconstruction errors.
302,Low_Similarity_Below_0_4,COc1ccc2c(c1)c(CCNC(=O)C1CCC1)c1n2CCc2ccccc2-1,COc1ccc(C2(O)OC(=O)C(c3ccc4c(c3)OCO4)=C2CC2CCCC2)cc1,0.1915,Low similarity (0.191): Major reconstruction errors.
303,Low_Similarity_Below_0_4,CCN1C(=O)c2c(nc(C(=O)NC)n2Cc2ccc(OC)c(Cl)c2)N2C1=N[C@@H]1CCC[C@@H]12,CCCc1cc(=O)oc2c3c(c4c(c12)OC(C)(C)C=C4)OC(C)C(C)(C)C3O,0.0901,Low similarity (0.090): Major reconstruction errors.
304,Low_Similarity_Below_0_4,OCC1Cc2cc3c(-c4ccccc4F)noc3c(Cl)c2O1,COc1ccc(C2(O)OC(=O)C(c3ccc4c(c3)OCO4)=C2CC2CCCC2)cc1,0.1099,Low similarity (0.110): Major reconstruction errors.
305,Low_Similarity_Below_0_4,CC(C)(C(=O)N1CCCCC1)N1CCC(NS(=O)(=O)c2ccc3cc(Cl)ccc3c2)C1=O,CC(C)C(N)c1cccc(F)c1N1CCN(C(=O)C2CCOC2c2ccc(Cl)cc2)CC1,0.1789,Low similarity (0.179): Major reconstruction errors.
306,Low_Similarity_Below_0_4,O=C1CCC(c2ccccc2)(C2CCN(Cc3ccc(F)cc3)CC2)C(=O)N1,O=C(c1ccc(Cl)cc1)c1ccc(-n2ncc(=O)[nH]c2=O)cc1Cl,0.0988,Low similarity (0.099): Major reconstruction errors.
307,Low_Similarity_Below_0_4,CN(CCc1ccc2c(c1)OCO2)C[C@@H]1CC[C@@H]2CCOc3cccc1c32,CN(C)c1ncnc2c1ncn2Cc1cccc(CO)c1,0.1375,Low similarity (0.138): Major reconstruction errors.
308,Low_Similarity_Below_0_4,CC(C)(C)Nc1ncnc2c1ncn2Cc1ccccc1F,CC(C)C(N)c1cccc(F)c1N1CCN(C(=O)C2CCOC2c2ccc(Cl)cc2)CC1,0.1236,Low similarity (0.124): Major reconstruction errors.
309,Low_Similarity_Below_0_4,COc1ccc2c(c1)-c1nc(-c3ccccn3)[nH]c1CCC2,COc1ccc(C2(O)OC(=O)C(c3ccc4c(c3)OCO4)=C2CC2CCCC2)cc1,0.1647,Low similarity (0.165): Major reconstruction errors.
310,Low_Similarity_Below_0_4,NC(=O)c1cc2c(Sc3ccc(C(F)(F)F)cc3)cncc2s1,CN(C)c1ncnc2c1ncn2Cc1cccc(CO)c1,0.0779,Low similarity (0.078): Major reconstruction errors.
311,Low_Similarity_Below_0_4,CN1CCC23c4c5ccc(O)c4OC2[C@H]2OC[C@@]2(CCc2ccccc2)CC3C1C5,CN1CC(CN2CC(=O)NC2=O)CC2CC(C)(C)CCC21,0.1319,Low similarity (0.132): Major reconstruction errors.
312,Low_Similarity_Below_0_4,CN1Cc2cccnc2C(N2CCN(C(=O)CC3CCNCC3)CC2)c2ccc(Cl)cc21,CN1CC(CN2CC(=O)NC2=O)CC2CC(C)(C)CCC21,0.1277,Low similarity (0.128): Major reconstruction errors.
313,Low_Similarity_Below_0_4,CC(N)Cc1ccc(I)cc1,CC(C)C(N)c1cccc(F)c1N1CCN(C(=O)C2NCCC2c2ccc(Cl)cc2)CC1,0.1127,Low similarity (0.113): Major reconstruction errors.
316,Low_Similarity_Below_0_4,CC1(COc2ccc(CC3SC(=O)NC3=O)cc2)CCCCC1,CC(C)C(N)c1cccc(F)c1N1CCN(C(=O)C2NCCC2c2ccc(Cl)cc2)CC1,0.0978,Low similarity (0.098): Major reconstruction errors.
317,Low_Similarity_Below_0_4,Cc1cccc(NC(=O)CN2CCCN(S(=O)(=O)c3ccc(Br)s3)CC2)c1,Cc1ccccc1C(=O)N1CCC(C(=O)Nc2ccc(S(=O)(=O)N(C)C(C)C)cc2)CC1,0.1910,Low similarity (0.191): Major reconstruction errors.
319,Low_Similarity_Below_0_4,COc1ccc2c(c1)c(CCNC(=O)C1CC1)c1n2CCCc2ccccc2-1,COc1ccc(C2(O)OC(=O)C(c3ccc4c(c3)OCO4)=C2CC2CCCC2)cc1,0.1915,Low similarity (0.191): Major reconstruction errors.
320,Low_Similarity_Below_0_4,CCCNC(=O)CC1CCN(c2nc(N)c3cc(OC)c(OC)cc3n2)CC1,CCCc1cc(=O)oc2c3c(c4c(c12)OC(C)(C)C=C4)OC(C)C(C)(C)C3O,0.1042,Low similarity (0.104): Major reconstruction errors.
321,Low_Similarity_Below_0_4,O=c1oc(Nc2cccc(I)c2)nc2ccccc12,O=C(c1ccc(Cl)cc1)c1ccc(-n2ncc(=O)[nH]c2=O)cc1Cl,0.0972,Low similarity (0.097): Major reconstruction errors.
322,Low_Similarity_Below_0_4,NC1=NC(c2ccc(F)cc2)Cc2cccc(Cl)c21,Nc1nc(N)c2c(Sc3ccc(Cl)c(Cl)c3)cccc2n1,0.1774,Low similarity (0.177): Major reconstruction errors.
323,Low_Similarity_Below_0_4,CC(C)(C)Nc1cccnc1N1CCN(C(=O)c2cc3cc(F)ccc3[nH]2)CC1,CC(C)C(N)c1cccc(F)c1N1CCN(C(=O)C2CCOC2c2ccc(Cl)cc2)CC1,0.1771,Low similarity (0.177): Major reconstruction errors.
324,Low_Similarity_Below_0_4,Cc1ccc(Sc2cncc3sc(C(N)=O)cc23)c(C)c1,Cc1ccccc1C(=O)N1CCC(C(=O)Nc2ccc(S(=O)(=O)N3CCCCC3)cc2)CC1,0.1084,Low similarity (0.108): Major reconstruction errors.
325,Low_Similarity_Below_0_4,Cc1c(C)c2c(c(C)c1O)CCC(C)(COc1ccc(CC3SC(=O)NC3=O)cc1)O2,Cc1cc(C)c(C(=O)c2ccc(-n3ncc(=O)[nH]c3=O)cc2)c(C)c1,0.1136,Low similarity (0.114): Major reconstruction errors.
326,Low_Similarity_Below_0_4,CN1CCC(N2CCN(C(=O)Cc3csc(NC(=O)c4ccc(Cl)s4)n3)CC2)CC1,CN1CC(CN2CC(=O)NC2=O)CC2CC(C)(C)CCC21,0.1099,Low similarity (0.110): Major reconstruction errors.
327,Low_Similarity_Below_0_4,CN1CC=C(c2c(O)cc(O)c3c(=O)cc(-c4ccccc4F)oc23)CC1,CN1CCN(CC(=O)N2c3ccccc3C(=O)Nc3cccnc32)CC1,0.1744,Low similarity (0.174): Major reconstruction errors.
328,Low_Similarity_Below_0_4,O=C(c1ccc(Cl)c(S(=O)(=O)N2CCCCCC2)c1)N1CCN(c2ccccc2O)CC1,O=C(c1ccc(Cl)cc1)C(O)(Cn1cncn1)c1ccc(Cl)cc1,0.1579,Low similarity (0.158): Major reconstruction errors.
329,Low_Similarity_Below_0_4,C[C@@H](C(=O)N1CCOCC1)N1CC[C@H](NS(=O)(=O)c2cc3ccc(Cl)cc3o2)C1=O,CC(C)C(N)c1cccc(F)c1N1CCN(C(=O)C2CCOC2c2ccc(Cl)cc2)CC1,0.2188,Low similarity (0.219): Major reconstruction errors.
331,Low_Similarity_Below_0_4,N#Cc1c(NC(=O)c2cc(S(=O)(=O)N3CCOCC3)ccc2Cl)sc2c1CCC2,CN1CC(CN2CC(=O)NC2=O)CC2CC(C)(C)CCC21,0.0619,Low similarity (0.062): Major reconstruction errors.
332,Low_Similarity_Below_0_4,Cc1ccc(S(=O)(=O)C2(CC#Cc3ccccc3)SC(=O)NC2=O)cc1,Cc1cc(C(=O)N2CCCCc3ccccc32)ccc1CNC(=O)N1CCCC1C(=O)N(C)C,0.0928,Low similarity (0.093): Major reconstruction errors.
333,Low_Similarity_Below_0_4,CS(=O)(=O)Nc1ccc2c(c1)[C@H](O)CC1(CCN([C@@H]3CCc4cc(C#N)ccc4C3)CC1)O2,CCCc1cc(=O)oc2c3c(c4c(c12)OC(C)(C)C=C4)OC(C)C(C)(C)C3O,0.1250,Low similarity (0.125): Major reconstruction errors.
335,Low_Similarity_Below_0_4,Cc1ccc(C#CCC2(S(=O)(=O)c3ccccc3)SC(=O)NC2=O)cc1,Cc1ccccc1C(=O)N1CCC(C(=O)Nc2ccc(S(=O)(=O)N3CCCCC3)cc2)CC1,0.1325,Low similarity (0.133): Major reconstruction errors.
336,Low_Similarity_Below_0_4,CC(C)Nc1cnnc(N2CCN(C(=O)c3ccc4[nH]ccc4c3)CC2)c1,CC(C)C(N)c1cccc(F)c1N1CCN(C(=O)C2CCOC2c2ccc(Cl)cc2)CC1,0.1809,Low similarity (0.181): Major reconstruction errors.
337,Low_Similarity_Below_0_4,O=C(c1cccc(NC2=NC3CS(=O)(=O)CC3S2)c1)N1CCN(c2ncccn2)CC1,O=C(c1ccc(Cl)cc1)c1ccc(-n2ncc(=O)[nH]c2=O)cc1Cl,0.1124,Low similarity (0.112): Major reconstruction errors.
338,Low_Similarity_Below_0_4,NC(=O)c1cc2c(SCc3ccc(Cl)cc3)cncc2s1,CN(C)c1ncnc2c1ncn2Cc1cccc(CO)c1,0.1067,Low similarity (0.107): Major reconstruction errors.
339,Low_Similarity_Below_0_4,CCCOC(=O)c1cc(OC)c(CC(C)N)cc1OC,CCCc1cc(=O)oc2c3c(c4c(c12)OC(C)(C)C=C4)OC(C)C(C)(C)C3O,0.1235,Low similarity (0.123): Major reconstruction errors.
342,Low_Similarity_Below_0_4,CCN1C[C@@H](C(=O)N2C[C@@H](C)[C@](O)(c3ccc(F)cc3)[C@@H](C)C2)[C@H](c2ccc(F)cc2F)C1,CCCc1cc(=O)oc2c3c(c4c(c12)OC(C)(C)C=C4)OC(C)C(C)(C)C3O,0.1170,Low similarity (0.117): Major reconstruction errors.
344,Low_Similarity_Below_0_4,NC(=O)C[C@H](NC(=O)c1ccccc1Br)C(=O)O,CN(C)c1ncnc2c1ncn2Cc1cccc(CO)c1,0.0870,Low similarity (0.087): Major reconstruction errors.
345,Low_Similarity_Below_0_4,CN(C)CC1NCC(c2ccccc2)c2ccccc21,CN(C)c1ncnc2c1ncn2Cc1cccc(CO)c1,0.1429,Low similarity (0.143): Major reconstruction errors.
346,Low_Similarity_Below_0_4,NC(=O)c1cc2c(Sc3ccc(Cl)cc3)cncc2s1,CN(C)c1ncnc2c1ncn2Cc1cccc(CO)c1,0.0811,Low similarity (0.081): Major reconstruction errors.
347,Low_Similarity_Below_0_4,CC[C@H]1Nc2cc3nc(O)cc(C(F)(F)F)c3cc2CC1(C)C,CCCc1cc(=O)oc2c3c(c4c(c12)OC(C)(C)C=C4)OC(C)C(C)(C)C3O,0.1136,Low similarity (0.114): Major reconstruction errors.
348,Low_Similarity_Below_0_4,CC1(C)CCc2cc3c(C(F)(F)F)cc(O)nc3cc2N1,CC(C)C(N)c1cccc(F)c1N1CCN(C(=O)C2CCOC2c2ccc(Cl)cc2)CC1,0.0532,Low similarity (0.053): Major reconstruction errors.
349,Low_Similarity_Below_0_4,CC1(C)N=C(N)N=C(N)N1c1ccc(Br)cc1,CC(C)C(N)c1cccc(F)c1N1CCN(C(=O)C2CCOC2c2ccc(Cl)cc2)CC1,0.0732,Low similarity (0.073): Major reconstruction errors.
350,Low_Similarity_Below_0_4,Cc1c(C(=O)NCCN2CCN(c3cccc(Cl)c3Cl)CC2)cc(C(C)(C)C)n1C,Cc1cc(C(=O)N2CCCCc3ccccc32)ccc1CNC(=O)N1CCCC1C(=O)N(C)C,0.1856,Low similarity (0.186): Major reconstruction errors.
351,Low_Similarity_Below_0_4,CCN(C)C(=O)c1ccc(N(c2ccccc2)[C@@H]2C[C@H]3CC[C@@H](C2)N3C)cc1,CCCc1cc(=O)oc2c3c(c4c(c12)OC(C)(C)C=C4)OC(C)C(C)(C)C3O,0.0787,Low similarity (0.079): Major reconstruction errors.
353,Low_Similarity_Below_0_4,CC1(C)CCc2cc3c(C(F)(F)F)cc(=O)oc3cc2N1,CC(C)C(N)c1cccc(F)c1N1CCN(C(=O)C2CCOC2c2ccc(Cl)cc2)CC1,0.0879,Low similarity (0.088): Major reconstruction errors.
354,Low_Similarity_Below_0_4,C[C@@H]1CN(c2ccc(F)cc2C(F)(F)F)CCN1S(=O)(=O)c1ccc(O)cc1Cl,Cc1cc(-n2ncc(=O)[nH]c2=O)ccc1C(=O)c1ccc(Cl)cc1Cl,0.1149,Low similarity (0.115): Major reconstruction errors.
356,Low_Similarity_Below_0_4,O=C(O)C12CC3CC(C1)CC(n1ncc(N4CCN(c5ccccc5)CC4)c(Cl)c1=O)(C3)C2,O=C(O)CCCCCNC(=O)N1CCC2(CC1)CCN(c1ccncc1)C2,0.2000,Low similarity (0.200): Major reconstruction errors.
357,Low_Similarity_Below_0_4,CN(C)C(=O)c1ccc(CN(C2CCCCNC2=O)S(=O)(=O)c2ccc(Cl)cc2)cc1,CN(C)c1ncnc2c1ncn2Cc1cccc(CO)c1,0.0941,Low similarity (0.094): Major reconstruction errors.
358,Low_Similarity_Below_0_4,CC(C)(C)NCC(O)COC(=O)c1cccc(OCc2ccccc2)c1,CC(C)C(N)c1cccc(F)c1N1CCN(C(=O)C2NCCC2c2ccc(Cl)cc2)CC1,0.1042,Low similarity (0.104): Major reconstruction errors.
359,Low_Similarity_Below_0_4,COc1ccc(CN([C@@H]2CC(F)(F)CCNC2=O)S(=O)(=O)c2ccc(Cl)cc2)cn1,COc1ccc(C2(O)OC(=O)C(c3ccc4c(c3)OCO4)=C2CC2CCCC2)cc1,0.1300,Low similarity (0.130): Major reconstruction errors.
360,Low_Similarity_Below_0_4,CCOC(=O)C1=C(O)C(=O)N(Cc2ccccc2Cl)C1,CCCc1cc(=O)oc2c3c(c4c(c12)OC(C)(C)C=C4)OC(C)C(C)(C)C3O,0.1163,Low similarity (0.116): Major reconstruction errors.
361,Low_Similarity_Below_0_4,CC(C)C(NC(=O)Cn1c(-c2ccccc2)ccc(N)c1=O)C(=O)C(F)(F)F,CC(C)C(N)c1cccc(F)c1N1CCN(C(=O)C2NCCC2c2ccc(Cl)cc2)CC1,0.1648,Low similarity (0.165): Major reconstruction errors.
363,Low_Similarity_Below_0_4,CN1CCN(CCCN2c3ccccc3Sc3ccc(C(F)(F)F)cc32)CC1,CN1CC(CN2CC(=O)NC2=O)CC2CC(C)(C)CCC21,0.0732,Low similarity (0.073): Major reconstruction errors.
364,Low_Similarity_Below_0_4,COc1cc(OC)cc([C@@H]2c3cc4c(cc3N[C@@H]3COC(=O)N23)OCCO4)c1,COc1ccc(C2(O)OC(=O)C(c3ccc4c(c3)OCO4)=C2CC2CCCC2)cc1,0.2048,Low similarity (0.205): Major reconstruction errors.
365,Low_Similarity_Below_0_4,OC(c1ccc(Cl)cc1)C(O)(Cn1cncn1)c1ccc(Cl)cc1,O=C(c1ccc(Cl)cc1)c1ccc(-n2ncc(=O)[nH]c2=O)cc1Cl,0.1594,Low similarity (0.159): Major reconstruction errors.
366,Low_Similarity_Below_0_4,CNC(=O)NC1c2cc(C#N)ccc2OC(C)(C)[C@H]1O,CNC(=O)c1cnc(N2CCN(C3CCN(Cc4ccc(Cl)cc4)C(C)C3)CC2)c(Cl)c1,0.1319,Low similarity (0.132): Major reconstruction errors.
367,Low_Similarity_Below_0_4,CC1(C)N=C(N)N=C(N)N1c1cccc(OCCOc2ccccc2)c1,CC(C)C(N)c1cccc(F)c1N1CCN(C(=O)C2NCCC2c2ccc(Cl)cc2)CC1,0.0879,Low similarity (0.088): Major reconstruction errors.
368,Low_Similarity_Below_0_4,O=C(CCCN1CCC(O)(c2ccc(Cl)cc2)CC1)c1ccc(F)cc1,O=C(c1ccc(Cl)cc1)C(O)(Cn1cncn1)c1ccc(Cl)cc1,0.2388,Low similarity (0.239): Major reconstruction errors.
369,Low_Similarity_Below_0_4,CC12CC3CC(C)(C1)CC(NC(=O)c1cn(CCN4CCOCC4)c4ccccc4c1=O)(C3)C2,CC(C)C(N)c1cccc(F)c1N1CCN(C(=O)C2CCOC2c2ccc(Cl)cc2)CC1,0.1584,Low similarity (0.158): Major reconstruction errors.
370,Low_Similarity_Below_0_4,Cc1ccc(C(=O)N(C)c2ccc([C@H](C(=O)N(C)C)[C@H](N)C(=O)N3CC[C@H](F)C3)cc2)cc1,Cc1ccccc1C(=O)N1CCC(C(=O)Nc2ccc(S(=O)(=O)N(C)C(C)C)cc2)CC1,0.2069,Low similarity (0.207): Major reconstruction errors.
371,Low_Similarity_Below_0_4,CCc1noc2c(Cl)c3c(cc12)CC(C(=O)O)O3,CCCc1cc(=O)oc2c3c(c4c(c12)OC(C)(C)C=C4)OC(C)C(C)(C)C3O,0.1548,Low similarity (0.155): Major reconstruction errors.
372,Low_Similarity_Below_0_4,C/C=C/C(=O)Nc1ccc(Oc2cccc(OC)c2)cc1,CCCc1cc(=O)oc2c3c(c4c(c12)OC(C)(C)C=C4)OC(C)C(C)(C)C3O,0.0588,Low similarity (0.059): Major reconstruction errors.
373,Low_Similarity_Below_0_4,CN(C)S(=O)(=O)c1ccc(N2CCCC2)c(C(=O)Nc2ccccc2N2CCOCC2)c1,CN(C)c1ncnc2c1ncn2Cc1cccc(CO)c1,0.1098,Low similarity (0.110): Major reconstruction errors.
374,Low_Similarity_Below_0_4,C#CCC(=O)Nc1ccc(Oc2cccc(OC)c2)cc1,CNC(=O)c1cnc(N2CCN(C3CCN(Cc4ccc(Cl)cc4)C(C)C3)CC2)c(Cl)c1,0.1136,Low similarity (0.114): Major reconstruction errors.
377,Low_Similarity_Below_0_4,CN(C)S(=O)(=O)c1cccc(NC(=O)c2cccc(S(=O)(=O)N3CCCCC3)c2)c1,CN(C)c1cccc2c(S(=O)(=O)Nc3cnc(Cl)cn3)cccc12,0.1600,Low similarity (0.160): Major reconstruction errors.
379,Low_Similarity_Below_0_4,Nc1ccc(S(=O)(=O)Nc2ccc(S(N)(=O)=O)cc2)cc1,CN1CC(CN2CC(=O)NC2=O)CC2CC(C)(C)CCC21,0.0294,Low similarity (0.029): Major reconstruction errors.
380,Low_Similarity_Below_0_4,CC(C)N1C(=O)NC(c2ccc3c(c2)OCO3)c2cc3c(cc21)OCO3,CC(C)C(N)c1cccc(F)c1N1CCN(C(=O)C2CCOC2c2ccc(Cl)cc2)CC1,0.1512,Low similarity (0.151): Major reconstruction errors.
381,Low_Similarity_Below_0_4,CC(C)(C)NCC(O)COC(=O)c1ccc2c(c1)OCO2,CC(C)C(N)c1cccc(F)c1N1CCN(C(=O)C2NCCC2c2ccc(Cl)cc2)CC1,0.0968,Low similarity (0.097): Major reconstruction errors.
382,Low_Similarity_Below_0_4,N#Cc1ccc(Cn2cncc2CN2CCN(C(=O)NC34CC5CC(CC(C5)C3)C4)CC2)cc1,CN1CC(CN2CC(=O)NC2=O)CC2CC(C)(C)CCC21,0.0989,Low similarity (0.099): Major reconstruction errors.
383,Low_Similarity_Below_0_4,OCCNc1ncnc2c1ncn2Cc1ccccc1,COc1ccc(C2(O)OC(=O)C(c3ccc4c(c3)OCO4)=C2CC2CCCC2)cc1,0.0690,Low similarity (0.069): Major reconstruction errors.
384,Low_Similarity_Below_0_4,COc1cc(OC)cc([C@@H]2c3cc4c(cc3N[C@H]3COC(=O)N23)OCO4)c1,COc1ccc(C2(O)OC(=O)C(c3ccc4c(c3)OCO4)=C2CC2CCCC2)cc1,0.2500,Low similarity (0.250): Major reconstruction errors.
385,Low_Similarity_Below_0_4,C#CCNc1cccc(-c2ccc(N3CC(CNC(C)=O)OC3=O)cc2)cc1=O,CN1CC(CN2CC(=O)NC2=O)CC2CC(C)(C)CCC21,0.1000,Low similarity (0.100): Major reconstruction errors.
386,Low_Similarity_Below_0_4,COc1cc(CN2CCN(c3ccnc(N(C)C4CCN(C)CC4)n3)CC2)cc(Cl)c1O,COc1ccc(C2(O)OC(=O)C(c3ccc4c(c3)OCO4)=C2CC2CCCC2)cc1,0.1300,Low similarity (0.130): Major reconstruction errors.
389,Low_Similarity_Below_0_4,CNC(=O)CN1CN(c2ccccc2)C2(CCN(Cc3cc4c(cc3Cl)OCO4)CC2)C1=O,CNc1ncnc2c1ncn2Cc1c(F)cccc1F,0.1149,Low similarity (0.115): Major reconstruction errors.
390,Low_Similarity_Below_0_4,CC[C@]1(CO)CC2C3Cc4ccc(OC)c5c4C2(CCN3C)C(O5)[C@@H]1O,CCCc1cc(=O)oc2c3c(c4c(c12)OC(C)(C)C=C4)OC(C)C(C)(C)C3O,0.1224,Low similarity (0.122): Major reconstruction errors.
391,Low_Similarity_Below_0_4,O=C(NN1CCOCC1)C1=NN(c2ccc(Cl)cc2Cl)C(c2ccc3c(c2)OCO3)C1,O=C(c1ccc(Cl)cc1)C(O)(Cn1cncn1)c1ccc(Cl)cc1,0.1412,Low similarity (0.141): Major reconstruction errors.
392,Low_Similarity_Below_0_4,CC(O)(c1ccccc1)C(O)(Cn1cncn1)c1ccc(Cl)cc1Cl,CC(C)C(N)c1cccc(F)c1N1CCN(C(=O)C2NCCC2c2ccc(Cl)cc2)CC1,0.1075,Low similarity (0.108): Major reconstruction errors.
393,Low_Similarity_Below_0_4,Nc1ccc(S(=O)(=O)Nc2ncccn2)cc1,Nc1nc(N)c2c(Sc3ccc(Cl)c(Cl)c3)cccc2n1,0.1207,Low similarity (0.121): Major reconstruction errors.
394,Low_Similarity_Below_0_4,CC(C)C(=O)c1cccnc1N1CCN(C(=O)c2cc3ccccc3[nH]2)CC1,CC(C)C(N)c1cccc(F)c1N1CCN(C(=O)C2NCCC2c2ccc(Cl)cc2)CC1,0.2000,Low similarity (0.200): Major reconstruction errors.
395,Low_Similarity_Below_0_4,COc1cccc(Nc2ccc(NC(=O)C(C)C)cc2)c1,COc1ccc(C2(O)OC(=O)C(c3ccc4c(c3)OCO4)=C2CC2CCCC2)cc1,0.2027,Low similarity (0.203): Major reconstruction errors.
396,Low_Similarity_Below_0_4,O=C(O)C1Cc2cc3c(-c4ccccc4F)noc3c(Br)c2O1,O=C(O)CCCCCNC(=O)N1CCC2(CC1)CCN(c1ccncc1)C2,0.1149,Low similarity (0.115): Major reconstruction errors.
397,Low_Similarity_Below_0_4,CCc1cc2c(NCc3ccccc3)ncnc2s1,CCCc1cc(=O)oc2c3c(c4c(c12)OC(C)(C)C=C4)OC(C)C(C)(C)C3O,0.0833,Low similarity (0.083): Major reconstruction errors.
398,Low_Similarity_Below_0_4,O=C1/C(=N/CCc2cc(Br)c(O)c(Br)c2)C=C(O)c2cccnc21,O=C(O)CCCCCNC(=O)N1CCC2(CC1)CCN(c1ccncc1)C2,0.0941,Low similarity (0.094): Major reconstruction errors.
399,Low_Similarity_Below_0_4,CC1CCCN(CCC(C)N(C)S(=O)(=O)c2cccc3ccccc23)C1,Cc1ccccc1C(=O)N1CCC(C(=O)Nc2ccc(S(=O)(=O)N(C)C(C)C)cc2)CC1,0.2469,Low similarity (0.247): Major reconstruction errors.
400,Low_Similarity_Below_0_4,CC(C)C[C@H](NC(=O)c1ccccc1Br)C(=O)O,CC(C)C(N)c1cccc(F)c1N1CCN(C(=O)C2NCCC2c2ccc(Cl)cc2)CC1,0.1205,Low similarity (0.120): Major reconstruction errors.
401,Low_Similarity_Below_0_4,CCNC(=O)N(CCCN(C)C)C(=O)[C@@H]1C[C@@H]2c3cccc4[nH]cc(c34)C[C@H]2N(C)C1,CCN(CC)C(=O)C1C=C2CC(=O)CC(O)(c3ccc(Cl)c(Cl)c3)C2N(C)C1,0.1667,Low similarity (0.167): Major reconstruction errors.
402,Low_Similarity_Below_0_4,CCCN1C(=O)C(NC(=O)Nc2cccc(OC)c2)N=C(N2CCN(C)CC2)c2ccccc21,CCCc1cc(=O)oc2c3c(c4c(c12)OC(C)(C)C=C4)OC(C)C(C)(C)C3O,0.0952,Low similarity (0.095): Major reconstruction errors.
403,Low_Similarity_Below_0_4,Cn1nc2c(c1C(F)(F)C(F)(F)F)CN(C(=O)C[C@H](N)Cc1cc(F)ccc1F)CC2,CN1CC(CN2CC(=O)NC2=O)CC2CC(C)(C)CCC21,0.0957,Low similarity (0.096): Major reconstruction errors.
404,Low_Similarity_Below_0_4,CC(=O)NCCc1c2n(c3ccc(Cl)cc13)CCCc1ccccc1-2,CC(C)C(N)c1cccc(F)c1N1CCN(C(=O)C2CCOC2c2ccc(Cl)cc2)CC1,0.1579,Low similarity (0.158): Major reconstruction errors.
405,Low_Similarity_Below_0_4,COc1ccc(CC2CCc3nc(N)nc(N)c3C2)cc1OC,COc1ccc(C2(O)OC(=O)C(c3ccc4c(c3)OCO4)=C2CC2CCCC2)cc1,0.1807,Low similarity (0.181): Major reconstruction errors.
407,Low_Similarity_Below_0_4,CCOc1ccc(CNC(=O)C2CCN(C(=O)N3CC(CC)Oc4ccccc43)CC2)cc1,Cc1cc(-n2ncc(=O)[nH]c2=O)ccc1C(=O)c1ccc(Cl)cc1Cl,0.0833,Low similarity (0.083): Major reconstruction errors.
29,Medium_Similarity_0_4_to_0_7,O=C(O)CC(=O)N1CCC(C(=O)N2CCC3(CC2)CCN(c2ccncc2)C3)CC1,O=C(O)CCCCCCC(=O)N1CCC2(CCN(c3ccncc3)CC2)C1,0.5424,Moderate similarity (0.542): Significant rearrangements present.
53,Medium_Similarity_0_4_to_0_7,CNc1ncnc2c1ncn2Cc1ccccc1C(F)(F)F,CNc1ncnc2c1ncn2Cc1c(F)cccc1Cl,0.5455,Moderate similarity (0.545): Significant rearrangements present.
75,Medium_Similarity_0_4_to_0_7,CCCc1cc(=O)oc2c3c(c4c(c12)OC(C)(C)C=C4)OC(C)(C)CC3O,CCCc1cc(=O)oc2c3c(c4c(c12)OC(C)(C)C=C4)OC(C)C(C)(C)C3O,0.6667,Moderate similarity (0.667): Significant rearrangements present.
90,Medium_Similarity_0_4_to_0_7,Cc1cccc(Cl)c1NN=C1CCC(C)n2c1ncc(C(=O)O)c2=O,Cc1cc(C)c(NN=C2CCC(C)n3c2ncc(C(=O)O)c3=O)cc1C,0.6667,Moderate similarity (0.667): Significant rearrangements present.
135,Medium_Similarity_0_4_to_0_7,O=C(c1ccccc1)c1ccc(-n2ncc(=O)[nH]c2=O)cc1,O=C(c1ccc(Cl)cc1)c1ccc(-n2ncc(=O)[nH]c2=O)cc1Cl,0.5833,Moderate similarity (0.583): Significant rearrangements present.
138,Medium_Similarity_0_4_to_0_7,CN1CCN(C2=Nc3cc(Cl)ccc3N(NC(=O)C3CCCCC3)c3ccccc32)CC1,CN1CCN(C2=Nc3ccccc3Nc3ccc(Cl)cc32)CC1,0.4265,Low similarity (0.426): Major reconstruction errors.
144,Medium_Similarity_0_4_to_0_7,CCCc1cc(=O)oc2c3c(c4c(c12)OC(C)(C)C=C4)OC[C@H](C)[C@@H]3O,CCCc1cc(=O)oc2c3c(c4c(c12)OC(C)(C)C=C4)OC(C)C(C)(C)C3O,0.6719,Moderate similarity (0.672): Significant rearrangements present.
150,Medium_Similarity_0_4_to_0_7,CN(C)c1ncnc2c1ncn2Cc1ccccc1Cl,CN(C)c1ncnc2c1ncn2Cc1cccc(CO)c1,0.5800,Moderate similarity (0.580): Significant rearrangements present.
158,Medium_Similarity_0_4_to_0_7,O=C(O)CCN1CCN(C(=O)N2CCC3(CCN(c4ccncc4)CC3)C2)CC1=O,O=C(O)CCCCCCC(=O)N1CCC2(CCN(c3ccncc3)CC2)C1,0.5932,Moderate similarity (0.593): Significant rearrangements present.
195,Medium_Similarity_0_4_to_0_7,O=C(c1ccc(-n2ncc(=O)[nH]c2=O)cc1)c1cccs1,O=C(c1ccc(Cl)cc1)c1ccc(-n2ncc(=O)[nH]c2=O)cc1Cl,0.5185,Moderate similarity (0.519): Significant rearrangements present.
263,Medium_Similarity_0_4_to_0_7,CNc1ncnc2c1ncn2Cc1cccc(O)c1,CNc1ncnc2c1ncn2Cc1c(F)cccc1Cl,0.5556,Moderate similarity (0.556): Significant rearrangements present.
273,Medium_Similarity_0_4_to_0_7,O=C(O)CC(=O)NC1CCN(C(=O)N2CCC3(CC2)CCN(c2ccncc2)C3)C1,O=C(O)CCCCCNC(=O)N1CCC2(CC1)CCN(c1ccncc1)C2,0.5303,Moderate similarity (0.530): Significant rearrangements present.
287,Medium_Similarity_0_4_to_0_7,Cc1cc(-n2ncc(=O)[nH]c2=O)ccc1S(=O)(=O)N1CCOCC1,Cc1cc(-n2ncc(=O)[nH]c2=O)ccc1C(=O)c1ccc(Cl)cc1Cl,0.4444,Low similarity (0.444): Major reconstruction errors.
293,Medium_Similarity_0_4_to_0_7,Nc1nc(N)c2c(S(=O)(=O)c3ccc(Cl)c(Cl)c3)cccc2n1,Nc1nc(N)c2c(Sc3ccc(Cl)c(Cl)c3)cccc2n1,0.5200,Moderate similarity (0.520): Significant rearrangements present.
315,Medium_Similarity_0_4_to_0_7,CCCc1cc(=O)oc2c3c(c4c(c12)OC(C)(C)C=C4)OC[C@H](C)[C@H]3O,CCCc1cc(=O)oc2c3c(c4c(c12)OC(C)(C)C=C4)OC(C)C(C)(C)C3O,0.6719,Moderate similarity (0.672): Significant rearrangements present.
334,Medium_Similarity_0_4_to_0_7,CC(C)[C@H](N)c1cccc(F)c1N1CCN(C(=O)[C@@H]2CN(C)C[C@H]2c2ccc(Cl)cc2)CC1,CC(C)C(N)c1cccc(F)c1N1CCN(C(=O)C2NCCC2c2ccc(Cl)cc2)CC1,0.6912,Moderate similarity (0.691): Significant rearrangements present.
341,Medium_Similarity_0_4_to_0_7,CC(C)(C)NCC(O)COC(=O)CCc1ccccc1,CC(C)(C)NCC(O)COC(=O)c1ccccc1F,0.5600,Moderate similarity (0.560): Significant rearrangements present.
355,Medium_Similarity_0_4_to_0_7,O=C(O)CC1CCN(C(=O)N2CCC3(CC2)CCN(c2ccncc2)C3)CC1,O=C(O)CCCCCCC(=O)N1CCC2(CCN(c3ccncc3)CC2)C1,0.5439,Moderate similarity (0.544): Significant rearrangements present.
362,Medium_Similarity_0_4_to_0_7,CN(C)c1ncnc2c1ncn2Cc1ccc(Cl)cc1,CN(C)c1ncnc2c1ncn2Cc1cccc(CO)c1,0.6383,Moderate similarity (0.638): Significant rearrangements present.
31,Perfect_Match_1_0,CC(C)[C@H](N)c1cccc(F)c1N1CCN(C(=O)[C@@H]2NCC[C@@H]2c2ccc(Cl)cc2)CC1,CC(C)C(N)c1cccc(F)c1N1CCN(C(=O)C2NCCC2c2ccc(Cl)cc2)CC1,1.0000,Perfect fingerprint match (1.000): Structurally identical or only stereochemistry/hashing differs.
314,Perfect_Match_1_0,O=C(O)CCCCCC(=O)N1CCC2(CCN(c3ccncc3)CC2)C1,O=C(O)CCCCCCC(=O)N1CCC2(CCN(c3ccncc3)CC2)C1,1.0000,Perfect fingerprint match (1.000): Structurally identical or only stereochemistry/hashing differs.
340,Perfect_Match_1_0,Cc1cc(C(=O)N2CCCCc3ccccc32)ccc1CNC(=O)N1CCC[C@@H]1C(=O)N(C)C,Cc1cc(C(=O)N2CCCCc3ccccc32)ccc1CNC(=O)N1CCCC1C(=O)N(C)C,1.0000,Perfect fingerprint match (1.000): Structurally identical or only stereochemistry/hashing differs.
