ChEMBL_ID,SMILES
CHEMBL268878,CC(C)Nc1cccnc1N1CCN(C(=O)c2cc3ccccc3[nH]2)CC1.CS(=O)(=O)O
CHEMBL266211,CCNc1cccnc1N1CCN(C(=O)c2cc3cc(F)ccc3[nH]2)CC1.CS(=O)(=O)O
CHEMBL266674,CC(C)Nc1cccnc1N1CCN(C(=O)c2cc3cc(F)ccc3[nH]2)CC1.CS(=O)(=O)O
CHEMBL7264,CCNc1cccnc1N1CCN(C(=O)c2cc3cc(OC)ccc3[nH]2)CC1.CS(=O)(=O)O
CHEMBL8421,Cn1cc(C2=NCC3(CC4CCC(C3)[N+]4(C)C)O2)c2ccccc21.[I-]
CHEMBL8776,COc1ccc([C@@H]2[C@@H](C(=O)O)[C@H](c3ccc4c(c3)OCO4)CN2C(=O)N2CCOCC2)cc1
CHEMBL10537,COc1cc(NC(=O)COc2ccc(Cl)cc2)c(Cl)cc1C(=O)N1CCN(C)CC1
CHEMBL11943,COc1ccc2c(c1OC)C[N+]1(C)CCc3cc4c(cc3C1C2)OCO4.[I-]
CHEMBL12194,Cc1ccc(S(=O)(=O)C2(CC#Cc3ccc(C(F)(F)F)cc3)SC(=O)NC2=O)cc1
CHEMBL443210,CCN1CCCC1CNC(=O)c1ccc(-n2ccnc2)cc1.Cc1ccc(S(=O)(=O)O)cc1
CHEMBL11988,CC1(C)C=C(n2ccccc2=O)c2cc(S(=O)(=O)NC(=O)NC3CCCCC3)ccc2O1
CHEMBL12936,CCOC(=O)c1cn(NC)c2cc(N3CCN(C)CC3)c(F)cc2c1=O.CS(=O)(=O)O
CHEMBL269421,CCN(CC)C(=O)[C@@H]1C=C2c3cccc4[nH]cc(c34)C[C@H]2N(C)C1.O=C(O)C(O)C(O)C(=O)O
CHEMBL413313,C[C@]1(c2ccc(F)cc2)O[C@@H]2CC3C4CCC5=CC(=O)CC[C@@H]5C4CC[C@]3(C)[C@]2(C(=O)CO)O1
CHEMBL13977,C[C@@]1(c2ccc(F)cc2)O[C@@H]2CC3C4CCC5=CC(=O)CC[C@@H]5C4CC[C@]3(C)[C@]2(C(=O)CO)O1
CHEMBL16672,CCCc1ccc2c(c1)CC=C(c1ccccc1)C(N1CCN(CC)CC1)=N2.O=C(O)/C=C/C(=O)O
CHEMBL16845,O=C(O)/C=C/C(=O)O.OCCN1CCN(C2=Nc3ccccc3CC=C2c2cccc(C(F)(F)F)c2)CC1
CHEMBL16916,CN1CCN(C2=Nc3ccccc3CC=C2c2cccc(C(F)(F)F)c2)CC1.O=C(O)/C=C/C(=O)O
CHEMBL16736,CCN1CCN(C2=Nc3ccc(C(C)C)cc3CC=C2c2ccccc2)CC1.O=C(O)/C=C/C(=O)O
CHEMBL16624,Clc1ccc(C2=CCc3ccc(Cl)cc3N=C2N2CCNCC2)cc1.O=C(O)/C=C/C(=O)O
CHEMBL16588,CCc1ccc2c(c1)CC=C(c1ccccc1)C(N1CCN(C(C)C)CC1)=N2.O=C(O)/C=C/C(=O)O
CHEMBL17018,Brc1ccc2c(c1)CC=C(c1ccccc1)C(N1CCNCC1)=N2.O=C(O)/C=C/C(=O)O
CHEMBL16822,COc1ccc(C2=CCc3ccccc3N=C2N2CCN(C)CC2)cc1.O=C(O)/C=C/C(=O)O
CHEMBL16635,CCCN1CCN(C2=Nc3ccc(CC)cc3CC=C2c2ccccc2)CC1.O=C(O)/C=C/C(=O)O
CHEMBL16953,Cc1ccc2c(c1)CC=C(c1ccccc1)C(N1CCN(CCO)CC1)=N2.O=C(O)/C=C/C(=O)O
CHEMBL274248,CCCN1CCN(C2=Nc3ccccc3CC=C2c2ccc(F)cc2)CC1.O=C(O)/C=C/C(=O)O
CHEMBL277588,Clc1ccccc1C1=CCc2ccccc2N=C1N1CCNCC1.O=C(O)/C=C/C(=O)O
CHEMBL276351,Clc1ccc(C2=CCc3ccccc3N=C2N2CCNCC2)cc1.O=C(O)/C=C/C(=O)O
CHEMBL17271,Clc1ccccc1C1=CCc2cc(Br)ccc2N=C1N1CCNCC1.O=C(O)/C=C/C(=O)O
CHEMBL275361,CC(C)c1ccc2c(c1)CC=C(c1ccccc1)C(N1CCN(C)CC1)=N2.O=C(O)/C=C/C(=O)O
CHEMBL17145,Clc1ccc2c(c1)N=C(N1CCNCC1)C(c1ccccc1)=CC2.O=C(O)/C=C/C(=O)O
CHEMBL19167,COc1cc2c(c(OC)c1OC)-c1ccc(OC)c(=O)cc1C(N)CC2.O=C(O)C(O)C(O)C(=O)O
CHEMBL282944,COc1cc(N(C)C)c(Cl)cc1C(=O)NCC1CCCN1C1CCCCC1.O=C(O)C(=O)O
CHEMBL21190,O=S(=O)(NS(=O)(=O)N1CCc2c(Cl)cccc2C1)N1CCc2c(Cl)cccc2C1
CHEMBL21433,O=S(=O)(NS(=O)(=O)N1CCc2cc(Cl)ccc2C1)N1CCc2cc(Cl)ccc2C1
CHEMBL278290,O=S(=O)(NS(=O)(=O)N1CCc2cccc(Cl)c2C1)N1CCc2cccc(Cl)c2C1
CHEMBL442530,O=S(=O)(NS(=O)(=O)N1CCc2ccc(Cl)cc2C1)N1CCc2ccc(Cl)cc2C1
CHEMBL279905,C[N+](C)(C)CCCN1c2ccccc2Sc2ccc(Cl)cc21.[I-]
CHEMBL688,CCC(=O)N(c1ccccc1)C1CCN(CCc2ccccc2)CC1.O=C(O)CC(O)(CC(=O)O)C(=O)O
CHEMBL442065,COc1ccccc1N1CCN(CCCCNC(=O)c2ccco2)CC1.O=C(O)/C=C/C(=O)O
CHEMBL23505,COc1ccccc1N1CCN(CCCCNC(=O)c2cccn2C)CC1.O=C(O)/C=C/C(=O)O
CHEMBL262636,Cc1onc(-c2ccccc2Cl)c1C(=O)N[C@@H]1C(=O)N2[C@@H]1SC(C)(C)[C@@H]2C(=O)[O-].[Na+]
CHEMBL26102,CCN1C(=O)c2c(nc(C(=O)NC)n2Cc2ccc(OC)c(Cl)c2)N2C1=N[C@@H]1CCC[C@@H]12
CHEMBL286723,CCN1C(=O)c2c(nc(C(N)=O)n2Cc2ccc(O)c(Br)c2)N2C1=N[C@@H]1CCC[C@@H]12
CHEMBL282114,CCN1C(=O)c2c(nc(OC)n2Cc2ccc(O)c(Br)c2)N2C1=N[C@@H]1CCC[C@@H]12
CHEMBL280581,CC(C)(C)n1cc(C(=O)O)c(=O)c2cc(F)c(N3C4CCC3CNC4)nc21.CS(=O)(=O)O
CHEMBL26325,CC(C)(C)n1cc(C(=O)O)c(=O)c2cc(F)c(N3CC4CCC(C3)N4)nc21.CS(=O)(=O)O
CHEMBL27177,CC(C)(C)n1cc(C(=O)O)c(=O)c2cc(F)c(N3CCNC(CF)C3)nc21.CS(=O)(=O)O
CHEMBL430739,CC(C)(C)n1cc(C(=O)O)c(=O)c2cc(F)c(N3CC4CC3CN4)cc21.CS(=O)(=O)O
CHEMBL26024,CN1C2CCC1CN(c1nc3c(cc1F)c(=O)c(C(=O)O)cn3C(C)(C)C)C2.CS(=O)(=O)O
CHEMBL27427,CC(C)(C)n1cc(C(=O)O)c(=O)c2cc(F)c(N3C[C@@H](CN)[C@H](F)C3)nc21.CS(=O)(=O)O
CHEMBL284635,CS(=O)(=O)O.C[C@H]1CN(c2nc3c(cc2F)c(=O)c(C(=O)O)cn3C(C)(C)C)C[C@@H]1N
CHEMBL282588,CS(=O)(=O)O.C[C@H]1CN(c2nc3c(cc2F)c(=O)c(C(=O)O)cn3C(C)(C)C)C[C@H]1N
CHEMBL25851,CC(C)(C)n1cc(C(=O)O)c(=O)c2cc(F)c(N3C[C@@H](N)[C@H](F)C3)nc21.CS(=O)(=O)O
CHEMBL283015,CC(C)(C)n1cc(C(=O)O)c(=O)c2cc(F)c(N3C[C@@H](N)[C@@H](F)C3)nc21.CS(=O)(=O)O
CHEMBL285601,CC[C@H]1CN(c2nc3c(cc2F)c(=O)c(C(=O)O)cn3C(C)(C)C)C[C@@H]1N.CS(=O)(=O)O
CHEMBL27521,Cc1cc2c(cc1Cl)N(C(=O)CN1CCN(CCO)CC1)c1ccccc1N(C)S2(=O)=O
CHEMBL32047,CN1C2CC[C@@H]1C[C@H](OC(=O)c1ccccc1)C2C(=O)OCc1ccccc1.O=C(O)/C=C/C(=O)O
CHEMBL283233,COc1cc(N(C)C)c(Cl)cc1C(=O)NCC1CN(Cc2ccccc2)CCO1.O=C(O)/C=C/C(=O)O
CHEMBL31864,COc1cc(N)c(Cl)cc1C(=O)N(C)CC1CN(Cc2ccccc2)CCO1.O=C(O)/C=C/C(=O)O
CHEMBL30478,CN(C)c1c(Cl)cc(C(=O)NCC2CN(Cc3ccccc3)CCO2)c(O)c1Cl.O=C(O)C(=O)O
CHEMBL283601,COc1ccccc1C(=O)NCC1CN(Cc2ccccc2)CCO1.O=C(O)/C=C/C(=O)O
CHEMBL417667,CNc1cc(OC)c(C(=O)NCC2CN(Cc3ccccc3)CCO2)cc1Cl.O=C(O)/C=C/C(=O)O
CHEMBL30772,CN(C)c1cc(O)c(C(=O)NCC2CN(Cc3ccccc3)CCO2)cc1Cl.O=C(O)C(=O)O
CHEMBL30610,COc1cc(C(=O)NCC2CN(Cc3ccccc3)CCO2)cc(OC)c1OC.O=C(O)C(=O)O
CHEMBL30461,O=C(NCC1CN(Cc2ccccc2)CCO1)c1ccc2c(c1)OCO2.O=C(O)/C=C/C(=O)O
CHEMBL30394,O=C(NCC1CN(Cc2ccccc2)CCO1)c1cccc2c1OCO2.O=C(O)/C=C/C(=O)O
CHEMBL33502,CC(=O)[O-].CCn1c(=O)/c(=C2\Sc3ccccc3N2C)s/c1=C\C1=[N+](CC)CCS1
CHEMBL33122,CC(=O)[O-].CCn1c(=O)/c(=C2\SC3=C(CCCC3)N2C)s/c1=C\c1scc[n+]1CC
CHEMBL35263,O=C(O)CN1C(=O)c2cc(Cl)ccc2N(Cc2ccc(Br)cc2F)[S+]1[O-]
CHEMBL289115,CN1C2CCC1CC(NC(=O)NC(=O)c1ccccc1OCC1CC1)C2.O=C(O)/C=C\C(=O)O
CHEMBL39934,CC(C)CCOc1ccccc1C(=O)NC(=O)NC1CC2CCC(C1)N2C.O=C(O)C(=O)O
CHEMBL39621,CC(C)COc1ccccc1C(=O)NC(=O)NC1CC2CCC(C1)N2C.O=C(O)/C=C/C(=O)O
CHEMBL431499,COc1ccccc1C(=O)NC(=O)NC1CC2CCCC(C1)N2C.Cc1ccc(S(=O)(=O)O)cc1
CHEMBL37239,CC(C)Oc1ccccc1C(=O)NC(=O)NC1CC2CCC(C1)N2C.O=C(O)/C=C\C(=O)O
CHEMBL43128,COc1cc(NC(C)CCCN)c2ncccc2c1.O=P(O)(O)O.O=P(O)(O)O
CHEMBL843,CN(CCOc1ccc(CC2SC(=O)NC2=O)cc1)c1ccccn1.O=C(O)/C=C\C(=O)O
CHEMBL42338,Cl.Cl.c1cc(N2CCN(c3ccc(C4=NCCCN4)cc3)CC2)ccc1C1=NCCCN1
CHEMBL43268,CCN(CC)CCn1sc2cc(C)cc(C)c2c1=O.O=S(=O)(O)c1ccc2ccccc2c1
CHEMBL45423,O=C(c1ccc(Cl)c(Cl)c1)N1CCC(F)(CNCc2cccc(N3CCC3)n2)CC1
CHEMBL295677,Cc1nn(-c2ccc(S(=O)(=O)NC(=O)NC3CCCCC3)cc2)c(C)c1Br
CHEMBL296504,COc1ccc(N2C[C@H](CN3CCC(O)(c4ccc5c(c4)OC(C)(C)O5)CC3)OC2=O)cc1
CHEMBL297818,CCN(CC)CC1CCCCN1CC(=O)N1c2cc(Cl)ccc2C(=O)Nc2cccnc21
CHEMBL49721,CCN(CC)CC1CCCCN1CC(=O)N1c2ccc(Cl)cc2C(=O)Nc2cccnc21
CHEMBL44773,CN(CC1CCCCN1CC(=O)N1c2ccccc2C(=O)Nc2cccnc21)C1CCCCC1
CHEMBL297933,COc1cccc2c1CC1(C2)C[C@@]2(O)C3Cc4ccc(O)c5c4C2(CCN3CC2CC2)C(O5)C1=O
CHEMBL299647,C(CN1CC[N+]2(CCCC2)CC1)CN1CC[N+]2(CCCC2)CC1.[Br-].[Br-]
CHEMBL50713,COc1ccc2c(c1)CC1(C2)C[C@@]2(O)C3Cc4ccc(O)c5c4C2(CCN3CC2CC2)C(O5)C1=O
CHEMBL299400,O=C(O)C(O)C(O)C(=O)O.Oc1ccc2c(c1)[C@@]13CCCC[C@@]1(O)[C@@H](C2)N(CC1CCC1)CC3
CHEMBL50684,C[C@H]1CC(=O)CC23CCN(CC4CCC4)C(Cc4ccc(O)cc42)[C@H]13.O=C(O)C(O)C(O)C(=O)O
CHEMBL300737,Cc1onc(-c2ccccc2Cl)c1C(=O)NC1C(=O)N2C1SC(C)(C)[C@@H]2C(=O)[O-].[Na+]
CHEMBL52627,CS(=O)(=O)Nc1ccc2c(c1)C(O)CC1(CCN(C3CCc4cc(C#N)ccc4C3)CC1)O2
CHEMBL52977,COc1cccc(C(=O)N(C)C2CCCC[C@H]2N(C)C)c1.Cc1ccc(S(=O)(=O)O)cc1
CHEMBL293052,C=CCN(C)[C@@H]1CCCCC1N(C)C(=O)c1ccc(Cl)c(Cl)c1.CS(=O)(=O)O
CHEMBL293265,CCc1nc(N)nc(N)c1-c1ccc(Cl)c(/N=N/N2CCOCC2)c1.CS(=O)(=O)O
CHEMBL58510,CCN(CC)CCCC(C)Nc1ccnc2cc(Cl)ccc12.O=P(O)(O)O.O=P(O)(O)O
CHEMBL60041,CCn1c(=O)c2[nH]c(Cc3ccc(Br)cc3)nc2n(CC(C)C)c1=O.O=C(O)C(F)(F)F
CHEMBL61875,CC(C)Cn1c(=O)[nH]c(=O)c2[nH]c(Cc3ccc(Br)cc3)nc21.O=C(O)C(F)(F)F
CHEMBL59727,CC(C)Cn1c(=O)n(C)c(=O)c2[nH]c(Cc3ccc(Br)cc3)nc21.O=C(O)C(F)(F)F
CHEMBL277567,CC(C)N(C(=O)N1CCN(C(=O)N(c2ccccc2)c2ccccc2)[C@H](C(=O)O)C1)C(C)C
CHEMBL64223,Cc1ccc(Cl)cc1N1CCN(CC(=O)NC2c3c(O)c(C)cc(C)c3CC2(C)C)CC1
CHEMBL302392,Cc1ccc(N2CCN(CC(=O)NC3c4c(O)c(C)cc(C)c4CC3(C)C)CC2)cc1Cl
CHEMBL59935,COc1cccc(N2CCN(CC(=O)NC3c4c(c(C)cc(C)c4OC)CC3(C)C)CC2)c1
CHEMBL64119,CC(C)Oc1cccnc1N(C)C1CCN(Cc2ccccc2)CC1.O=C(O)/C=C\C(=O)O
CHEMBL431551,CCNC(=O)CC1C(=O)N(Cc2ccc(Br)cc2F)C(=O)c2ccc(F)cc21
CHEMBL64263,O=C(O)/C=C/C(=O)O.O=C(O)c1ccc2c(c1)/C(=C/CN1CCOCC1)c1ccccc1CO2
CHEMBL62505,CN1CCN(C/C=C2\c3ccccc3COc3ccc(C(=O)O)cc32)CC1.O=C(O)/C=C/C(=O)O
CHEMBL304223,O=C(O)/C=C/C(=O)O.O=C(O)c1ccc2c(c1)/C(=C\CCN1CCCC1)c1ccccc1CO2
CHEMBL264979,CN(C)CC/C=C1/c2ccccc2COc2ccc(/C=C/C(=O)O)cc21.O=C(O)/C=C/C(=O)O
CHEMBL273716,CN1CCN(C/C=C2\c3ccccc3COc3ccc(CC(=O)O)cc32)CC1.O=C(O)/C=C/C(=O)O
CHEMBL63746,O=C(O)/C=C/C(=O)O.O=C(O)c1ccc2c(c1)/C(=C/CN1CCSCC1)c1ccccc1CO2
CHEMBL63596,CCN(CC)CC/C=C1/c2ccccc2COc2ccc(C(=O)O)cc21.O=C(O)/C=C/C(=O)O
CHEMBL292334,CN1CC2CCC1CC2OC(=O)n1c(=O)[nH]c2ccccc21.O=C(O)CC(O)(CC(=O)O)C(=O)O
CHEMBL303463,CN1C2CCCC1CC(OC(=O)n1c(=O)[nH]c3ccccc31)C2.O=C(O)CC(O)(CC(=O)O)C(=O)O
CHEMBL431363,COc1cccc2c(C(=O)NC3C(C)(C)[C@@H]4CC[C@@]3(C)C4)c(C)n(CCN3CCOCC3)c12
CHEMBL445361,CC(=O)NC[C@H]1CN(c2ccc(/C=C(\Br)c3c(C)oc[n+]3C)c(F)c2)C(=O)O1
CHEMBL67840,COc1ccncc1/C(Br)=C/c1ccc(N2C[C@H](CNC(C)=O)OC2=O)cc1F
CHEMBL69975,CC(=O)NC[C@H]1CN(c2ccc(/C=C(\Br)c3cncc(C#N)c3)c(F)c2)C(=O)O1
CHEMBL67161,COc1cc([C@@H]2c3cc4c(cc3[C@H](O)[C@H]3COC(CC(C)=O)[C@H]23)OCO4)cc(OC)c1OC
CHEMBL69498,COc1cc(OC2CCNCC2)ccc1C(=O)N1CCC(N2C(=O)OCc3ccccc32)CC1
CHEMBL303022,CC1(C)Oc2ccc(C#N)cc2C(N2CC[N+](C)(C)CC2=O)[C@@H]1O.[I-]
CHEMBL308997,CN(C)CCNC1=CC2=NCCc3c[nH]c(c32)C1=O.O=C(O)C(F)(F)F.O=C(O)C(F)(F)F
CHEMBL72625,O=C(O)C(F)(F)F.O=C(O)C(F)(F)F.O=C1C(NCCN2CCCC2)=CC2=NCCc3c[nH]c1c32
CHEMBL303468,C[C@@](O)(C(=O)Nc1ccc(C(=O)N2CCN(c3ccccn3)CC2)cc1Cl)C(F)(F)F
CHEMBL80741,O=C(O)C1Nc2cc(Cl)cc(Cl)c2S(=O)(=O)N1Cc1cccc(Br)c1
CHEMBL309858,O=C(O)/C=C/C(=O)O.c1ccc(N2CCN(CCCCNC3=Nc4ccccc4OC3)CC2)cc1
CHEMBL80645,O=C(O)/C=C/C(=O)O.c1cnc(N2CCN(CCCCCNC3=Nc4ccccc4OC3)CC2)nc1
CHEMBL80627,O=C(O)/C=C/C(=O)O.c1ccc(N2CCN(CCCCCNC3=Nc4ccccc4OC3)CC2)nc1
CHEMBL310311,O=C(O)/C=C/C(=O)O.c1ccc(N2CCN(CCCNC3=Nc4ccccc4OC3)CC2)nc1
CHEMBL309843,O=C(O)/C=C/C(=O)O.c1cnc(N2CCN(CCCCNC3=Nc4ccccc4OC3)CC2)nc1
CHEMBL432750,COc1cccc2c(C(=O)N[C@@H]3C4(C)CCC(C4)C3(C)C)c(C)n(CCN3CCOCC3)c12
CHEMBL311216,Cc1noc(NS(=O)(=O)c2cc(Br)ccc2Br)c1Br
CHEMBL80655,O=C(O)/C=C/C(=O)O.c1cnc(N2CCN(CCCNC3=Nc4ccccc4OC3)CC2)nc1
CHEMBL412665,O=C(O)/C=C/C(=O)O.c1ccc(N2CCN(CCCNC3=Nc4ccccc4OC3)CC2)cc1
CHEMBL80711,COc1ccccc1N1CCN(CCCNC2=Nc3ccccc3OC2)CC1.O=C(O)/C=C/C(=O)O
CHEMBL80439,COc1cccc2c(C(=O)N[C@H]3C4(C)CCC(C4)C3(C)C)c(C)n(CCN3CCOCC3)c12
CHEMBL311824,O=C(CN1CCCCC1)N1CCC(CNc2nc3c(s2)CCOc2ccc(F)cc2-3)CC1
CHEMBL79302,O=C(CN1CCOCC1)N1CCC(CNc2nc3c(s2)CCOc2ccc(F)cc2-3)CC1
CHEMBL79714,CN1CCN(CC(=O)N2CCC(CNc3nc4c(s3)CCCc3ccc(F)cc3-4)CC2)CC1
CHEMBL81586,O=C(CN1CCOCC1)N1CCC(CNc2nc3c(s2)CCCc2ccc(F)cc2-3)CC1
CHEMBL79899,O=C(NCC1CCNCC1)[C@@H]1CC[C@H]2[C@@H](OCc3ccccc3)CCC(=O)N12.O=C(O)C(F)(F)F
CHEMBL312630,NCc1ccc(CNC(=O)[C@@H]2CC[C@H]3[C@@H](OCc4ccccc4)CCC(=O)N23)cc1.O=C(O)C(F)(F)F
CHEMBL82080,O=C(CN1CCCCC1)N1CCC(CNc2nc3c(s2)CCCc2ccc(F)cc2-3)CC1
CHEMBL310879,C[C@@H]1CN(C(=O)[C@@](C)(O)C(F)(F)F)[C@@H](C)CN1C(=O)c1ccc(C(=O)c2ccccc2)cc1
CHEMBL83701,Oc1c(I)cc(CCc2ccncc2)cc1I
CHEMBL83984,COC(=O)N(CC(=O)O)C(=O)c1c(Br)ccc2c(C(F)(F)F)c(OC)ccc12
CHEMBL85564,O=C(CC1CCNCC1)N1CCN(C2c3ccc(Cl)cc3SCc3cccnc32)CC1
CHEMBL315339,CN1Cc2cccnc2C(N2CCN(C(=O)CC3CCNCC3)CC2)c2ccc(Cl)cc21
CHEMBL83406,COc1cc2c(c(OC)c1OC)-c1ccc(OC)c(=O)cc1[C@@H](NC(=O)C(F)(F)F)CC2
CHEMBL83580,O=C(O)/C=C\C(=O)O.O=C1NC(=O)/C(=C/c2ccc(OCC3CN(c4ccccn4)CCO3)cc2)S1
CHEMBL84628,O=C(O)/C=C\C(=O)O.O=C1NC(=O)/C(=C/c2ccc(OC[C@@H]3CCCN3c3ccccn3)cc2)S1
CHEMBL85912,O=C(O)/C=C\C(=O)O.O=C1NC(=O)C(Cc2ccc(OC[C@@H]3CCCN3c3ccccn3)cc2)S1
CHEMBL315033,COC(=O)[C@]12CCCN1C(=O)[C@](Cc1ccc3ccccc3c1)(NC(=O)OC(C)(C)C)CC2
CHEMBL89603,CCOC(C)=O.COC1(c2cc(F)cc(OCc3cc4ccccc4nc3O)c2)CCOCC1
CHEMBL89087,COc1cc2c(c(OC)c1OC)-c1ccc(=O)c(OC)cc1[C@@H](NC(=O)C(F)(F)F)CC2
CHEMBL90132,CC(=O)NC[C@H]1CN(c2ccc(N3CCN(C(=O)c4cc(C#N)no4)CC3)c(F)c2)C(=O)O1
CHEMBL91327,CC(=O)NC[C@H]1CN(c2ccc(N3CCN(C(=O)c4cc(Cl)no4)CC3)c(F)c2)C(=O)O1
CHEMBL316314,N#Cc1c(NC(=O)c2cc(S(=O)(=O)N3CCOCC3)ccc2Cl)sc2c1CCC2
CHEMBL328961,N#Cc1c(NC(=O)c2cc(S(=O)(=O)N3CCOCC3)c(F)cc2Cl)sc2c1CCC2
CHEMBL92119,N#Cc1c(NC(=O)c2cc(S(=O)(=O)N3CCOCC3)c(Cl)cc2Cl)sc2c1CCC2
CHEMBL315584,N#Cc1c(NC(=O)c2cc(S(=O)(=O)N3CCOCC3)ccc2Cl)sc2c1CCCC2
CHEMBL91823,CCOc1ccc(S(=O)(=O)N2CCOCC2)cc1C(=O)Nc1sc2c(c1C#N)CCC2
CHEMBL91833,CN(C)c1ccc(S(=O)(=O)N2CCOCC2)cc1C(=O)Nc1sc2c(c1C#N)CCC2
CHEMBL433178,C/C(=C\c1ncc(C(=O)O)n1S(=O)(=O)N(C)C)c1cc2c(cc1C)C(C)(C)CCC2(C)C
CHEMBL329317,O=C(O)C1Nc2cc(Cl)cc(Cl)c2S(=O)(=O)N1Cc1ccccc1C(F)(F)F
CHEMBL92527,O=C(O)C1Nc2cc(Cl)cc(Cl)c2S(=O)(=O)N1Cc1ccc(C(F)(F)F)cc1
CHEMBL92410,O=C1NCCCN1CCN1CCN(C2CC(c3ccc(F)cc3)c3cc(Cl)ccc32)CC1
CHEMBL329743,O=C1NCCN1CCCN1CCN(C2CC(c3ccc(F)cc3)c3cc(Cl)ccc32)CC1
CHEMBL92673,O=C(O)C(=O)O.O=C(c1ccc(F)cc1)C1CCN(CCC2Cc3sccc3C2=O)CC1
CHEMBL329012,O=C(O)/C=C\C(=O)O.O=C1Cc2cc3c(CCC4CCN(Cc5ccccc5)CC4)noc3cc2N1
CHEMBL94501,CC1(C)N=C(N)N=C(N)N1c1ccc(OCc2cccc(C(=O)N3CCCC3)c2)c(Cl)c1
CHEMBL95297,COc1c(N2C[C@@H](N)[C@H](C(F)(F)F)C2)c(F)cc2c(=O)c(C(=O)O)cn(C3CC3)c12.O=C(O)C(F)(F)F
CHEMBL99401,OC1(c2ccc3c(c2)OCO3)CCC(N2CCN(Cc3cccc(Br)c3)CC2)CC1
CHEMBL97903,CC(C)n1c(=O)n(C(=O)NCCN2CC[N+](C)(C)CC2)c2ccccc21.[I-]
CHEMBL95968,CCCC[N+]1(C)CCN(CCNC(=O)n2c(=O)n(C(C)C)c3ccccc32)CC1.[I-]
CHEMBL98412,OC1(c2ccc3c(c2)OCO3)CCC(N2CCN(Cc3ccccc3Br)CC2)CC1
CHEMBL95994,Cc1c(C)c2c(c(C)c1O)CCC(C)(CC[S+](C)C)O2.Cc1ccc(S(=O)(=O)[O-])cc1
CHEMBL329473,C=C(C)CN1CCC23c4c5ccc(OC)c4O[C@H]2C(=O)C2(Cc4ccccc4C2)C[C@@]3(O)C1C5
CHEMBL317220,Cc1c(C)c2c(c(C)c1O)CC[C@@](C)(CC[N+](C)(C)C)O2.Cc1ccc(S(=O)(=O)[O-])cc1
CHEMBL95570,Cc1c(C)c2c(c(C)c1O)CC[C@](C)(CC[N+](C)(C)C)O2.Cc1ccc(S(=O)(=O)[O-])cc1
CHEMBL99134,Cc1c(C)c2c(c(C)c1O)CCC(C)(CC[N+](C)(C)C)O2.Cc1ccc(S(=O)(=O)[O-])cc1
CHEMBL410909,COc1ccc2c(c1O)C13CCN(C)C(C2)C12C=CC1(OC)[C@H]3N=C(c3ccccc3)[C@]1(C)C2
CHEMBL100971,Cc1ncccc1C(C#N)N1CCN(C(=O)CC(NC(=O)N2CCCC2)c2ccccc2)CC1
CHEMBL319363,Cc1cc(C)[n+](CC(=O)Nc2ccc(S(N)(=O)=O)cc2Br)c(C)c1.[O-][Cl+3]([O-])([O-])[O-]
CHEMBL320436,Cc1cc(C)[n+](CC(=O)/N=c2/sc(S(N)(=O)=O)nn2C)c(C)c1.[O-][Cl+3]([O-])([O-])[O-]
CHEMBL103407,Cc1cc(C)[n+](CC(=O)NCCc2ccc(S(N)(=O)=O)cc2)c(C)c1.[O-][Cl+3]([O-])([O-])[O-]
CHEMBL554264,Cc1cc(C)[n+](CC(=O)Nc2ccc(S(N)(=O)=O)cc2F)c(C)c1.[O-][Cl+3]([O-])([O-])[O-]
CHEMBL102656,Cc1cc(C)[n+](CC(=O)Nc2ccc(S(N)(=O)=O)cc2Cl)c(C)c1.[O-][Cl+3]([O-])([O-])[O-]
CHEMBL103791,CCCN1C(=O)C(NC(=O)Nc2cccc(OC)c2)N=C(N2CCN(C)CC2)c2ccccc21
CHEMBL102633,CCCN1C(=O)C(NC(=O)Nc2cccc(CC)c2)N=C(N2CCN(C)CC2)c2ccccc21
CHEMBL102590,Cc1cc2c(cc1C(=O)N1CCC(N(C)CCc3ccccc3)CC1)CCC(=O)N2.O=C(O)C(=O)O
CHEMBL102579,CCc1cc(C(=O)N2CCC(N(C)CCc3ccccc3)CC2)cc2c1NC(=O)CC2.O=C(O)C(=O)O
CHEMBL101694,O=C1[C@@H]2Oc3c(O)ccc4c3C23CCN(CC2CC2)C(C4)[C@]3(O)C[C@]12CCc1ccccc1C2
CHEMBL105081,O=C1[C@@H]2Oc3c(O)ccc4c3C23CCN(CC2CC2)C(C4)[C@]3(O)C[C@@]12CCc1ccccc1C2
CHEMBL107772,Cc1ccccc1N1CCN(C(=O)Oc2ccc(Cl)c(N3CCN(C)CC3)c2)CC1.O=C(O)/C=C/C(=O)O
CHEMBL105970,COc1ccc(NC(=O)N2CCN(c3ccccc3C)CC2)cc1N1CCN(C)CC1.O=C(O)/C=C/C(=O)O
CHEMBL325131,COc1ccc(NC(=O)N2CCN(c3ccccc3)CC2)cc1N1CCN(C)CC1.O=C(O)/C=C/C(=O)O
CHEMBL106807,Cc1ccccc1N1CCN(C(=O)COc2ccc(Cl)c(N3CCN(C)CC3)c2)CC1.O=C(O)/C=C/C(=O)O
CHEMBL110601,COc1ccc(NCC(=O)N2CCN(c3ccccc3C)CC2)cc1N1CCN(C)CC1.O=C(O)/C=C/C(=O)O
CHEMBL323986,COc1ccc(NC(=O)N2CCN(c3ccc(C)cc3C)CC2)cc1N1CCN(C)CC1.O=C(O)/C=C/C(=O)O
CHEMBL430500,COc1ccc(NC(=O)N2CCN(c3ccccc3OC)CC2)cc1N1CCN(C)CC1.O=C(O)/C=C/C(=O)O
CHEMBL111302,COc1ccc(NC(=O)N2CCN(c3c(C)cccc3C)CC2)cc1N1CCN(C)CC1.O=C(O)/C=C/C(=O)O
CHEMBL325359,COc1ccc(NC(=O)N2CCN(c3cccc4c3CCCC4)CC2)cc1N1CCN(C)CC1.O=C(O)/C=C/C(=O)O
CHEMBL108645,COc1ccc(N2CCN(C(=O)Nc3ccc(OC)c(N4CCN(C)CC4)c3)CC2)cc1.O=C(O)/C=C/C(=O)O
CHEMBL108722,COc1cccc(N2CCN(C(=O)Nc3ccc(OC)c(N4CCN(C)CC4)c3)CC2)c1.O=C(O)/C=C/C(=O)O
CHEMBL324597,COc1c(O)ccc2c1-c1c(OC)c(O)cc3c1[C@H](C2)N(C)CC3.O=[N+]([O-])c1cc([N+](=O)[O-])c(O)c([N+](=O)[O-])c1
CHEMBL420304,COc1ccc2c(c1OC)-c1c3c(cc4c1[C@H](C2)[N+](C)(C)CC4)OCO3.[I-]
CHEMBL112640,COc1cc2c(cc1O)C[C@H]1c3c(cc(OC)c(OC)c3-2)CC[N+]1(C)C.[I-]
CHEMBL419209,COc1c(O)ccc2c1-c1c(OC)c(O)cc3c1[C@H](C2)[N+](C)(C)CC3.[I-]
CHEMBL332493,COc1ccc2c(c1OC)-c1c(OC)c(OC)cc3c1[C@H](C2)[N+](C)(C)CC3.[I-]
CHEMBL323444,CN1CCc2cc3c(c4c2[C@@H]1Cc1ccc2c(c1-4)OCO2)OCO3.O=[N+]([O-])c1cc([N+](=O)[O-])c(O)c([N+](=O)[O-])c1
CHEMBL326435,COc1cc2c(c(OC)c1OC)-c1ccc(=O)c(OC)cc1C(NC(=O)C(F)(F)F)CC2
CHEMBL112716,CS(=O)(=O)O.Cn1c(N2CCN(CCCOc3ccccc3)CC2)cc(=O)n(C)c1=O
CHEMBL115677,CC(O)COc1ccc(NC(=O)CC[S+](C)C)cc1.Cc1ccc(S(=O)(=O)[O-])cc1
CHEMBL115222,CNC(=O)CN1CN(c2ccccc2)C2(CCN(Cc3cc4c(cc3Cl)OCO4)CC2)C1=O
CHEMBL332760,CC(C)c1ccc(NC(=O)Oc2ccc3c(c2)[C@]2(C)CCN(C)[C@@H]2N3C)cc1.O=C(O)C(O)C(O)C(=O)O
CHEMBL122834,CCc1ccccc1NC(=O)Oc1ccc2c(c1)[C@]1(C)CCN(C)[C@@H]1N2C.O=C(O)C(O)C(O)C(=O)O
CHEMBL340088,NC1CCC(CNC(=O)[C@@H]2CCCN2C(=O)CC2c3ccccc3CCc3ccccc32)CC1.O=C(O)C(F)(F)F
CHEMBL121487,CC(CF)(CF)n1cc(C(=O)O)c(=O)c2cc(F)c(N3CC[C@H](N)C3)nc21.CS(=O)(=O)O
CHEMBL123249,CN1CC[C@@]2(C)c3cc(OC(=O)Nc4ccccc4)ccc3N(C)[C@@H]12.O=C(O)C(O)C(O)C(=O)O
CHEMBL120279,Cc1ccccc1NC(=O)Oc1ccc2c(c1)[C@]1(C)CCN(C)[C@@H]1N2C.O=C(O)C(O)C(O)C(=O)O
CHEMBL122274,CC(C)(CF)n1cc(C(=O)O)c(=O)c2cc(F)c(N3CC[C@H](N)C3)cc21.CS(=O)(=O)O
CHEMBL123488,O=C(O)CC(O)C(=O)O.O=C1c2ccccc2CCC12CCN(Cc1ccc(C(F)(F)F)cc1)CC2
CHEMBL122165,O=C(O)/C=C/C(=O)O.O=C1c2c(F)cc(F)cc2CCC12CCN(CCc1ccccc1)CC2
CHEMBL123240,CC(=O)NC[C@H]1CN(c2ccc(N3CCN(c4nc(C)cc(C)c4C#N)CC3)c(F)c2)C(=O)O1
CHEMBL124295,CC(=O)NC[C@H]1CN(c2ccc(N3CCN(c4cc(C)c(Cl)nn4)CC3)c(F)c2)C(=O)O1
CHEMBL333679,CC(CF)(CF)n1cc(C(=O)O)c(=O)c2cc(F)c(N3CC[C@H](N)C3)cc21.CS(=O)(=O)O
CHEMBL122898,CS(=O)(=O)O.C[C@H]1C[C@H](N)CN1c1cc2c(cc1F)c(=O)c(C(=O)O)cn2C(C)(C)CF
CHEMBL123949,CC(=O)NC[C@H]1CN(c2ccc(N3CCN(c4nnc(Cl)c(C)c4C)CC3)c(F)c2)C(=O)O1
CHEMBL124612,COc1cc(Br)cc(C(=O)NC2CCN(Cc3ccc(F)cc3)CC2)c1OC
CHEMBL125631,CCCC(NC(=O)[C@@H]1C[C@@H](O)CN1C(C)=O)C(=O)c1nc2ccccc2s1.O=C(O)C(F)(F)F
CHEMBL127979,COc1ccccc1N1CCN(CCCN2C(=O)c3ccccc3C2=O)CC1.O=C(O)C(=O)O
CHEMBL340920,CC(=O)NC1C(=O)[C@]2(CS(=O)(=O)N3CCC4(CCc5ccccc54)CC3)CCC1C2(C)C
CHEMBL131101,CC1(C)[C@@H]2CC[C@@]1(CS(=O)(=O)N1CCC3(C=Cc4ccccc43)CC1)C1(CNC(=O)O1)C2
CHEMBL130768,CC1(C)[C@@H]2CC[C@@]1(CS(=O)(=O)N1CCC3(CCc4ccccc43)CC1)[C@@H](N1CCNC1=O)C2
CHEMBL336195,CC1(C)[C@@H]2CC[C@@]1(CS(=O)(=O)N1CCC3(CCc4ccccc43)CC1)[C@@H](N1CCC(N)C1=O)C2
CHEMBL339553,C1CCC(NC2CCCCC2)CC1.COc1ccc2c(c1)CC(C(=O)O)N2C(=O)C(C)CSC(=O)c1ccccc1
CHEMBL422611,C1CCC(NC2CCCCC2)CC1.CCc1ccc2c(c1)CC(C(=O)O)N2C(=O)C(C)CSC(=O)c1ccccc1
CHEMBL339895,C1CCC(NC2CCCCC2)CC1.CC(=O)SCC(C)C(=O)N1c2ccccc2CC1C(=O)O
CHEMBL336095,O=C1/C(=N/CCc2cc(Br)c(O)c(Br)c2)C=C(O)c2cccnc21
CHEMBL134303,CC1(C)CCc2cc3c(C(F)(F)F)cc(N(S(C)(=O)=O)S(C)(=O)=O)nc3cc2N1
CHEMBL445855,O=C(CO)N1CC=C(c2c(F)cc(N3C[C@H](COc4cnsn4)OC3=O)cc2F)CC1
CHEMBL135844,CC1([N+](C)(C)C)CN(c2c(F)cc3c(=O)c(C(=O)O)cn(C4CC4)c3c2F)C1.[I-]
CHEMBL132141,CC[N+](C)(C)C1CN(c2cc3c(cc2F)c(=O)c(C(=O)O)cn3C2CC2)C1.[I-]
CHEMBL136615,CC1(CN2CCC(COc3ccc(F)cc3)CC2)CC1(Cl)Cl.O=C(O)/C=C/C(=O)O
CHEMBL343802,COc1ccc(CN2CCC(COc3ccc(F)cc3)CC2)cc1.O.O=C(O)/C=C\C(=O)O
CHEMBL342014,C[C@@H]1C(=O)N(C(=O)C2CC2)[C@H]2CCN(C(=O)[C@@H]3CCCN3C(=O)Nc3ccc(Cl)cc3)[C@H]12
CHEMBL138413,C[C@@H]1C(=O)N(C(=O)C2CC2)[C@H]2CCN(C(=O)[C@@H]3CCCN3C(=O)Nc3cccc(Cl)c3)[C@H]12
CHEMBL141638,CC(C)n1cc2c3c(cccc31)C1C[C@@H](C(=O)OC3CCOCC3)CN(C)C1C2.O=C(O)/C=C\C(=O)O
CHEMBL141737,CC(C)n1cc2c3c(cccc31)C1C[C@@H](C(=O)OC3CCCC3)CN(C)C1C2.O=C(O)/C=C\C(=O)O
CHEMBL342631,CC(C)c1ccc(NC(=O)N2CCC[C@H]2C(=O)N2CC[C@H]3[C@H]2[C@H](C)C(=O)N3c2nccs2)cc1
CHEMBL342933,CC(C)n1cc2c3c(cccc31)C1C[C@@H](C(=O)OC3CCCCC3=O)CN(C)C1C2.O=C(O)/C=C\C(=O)O
CHEMBL343505,CC(C)n1cc2c3c(cccc31)C1C[C@@H](C(=O)OC3CCCCC3O)CN(C)C1C2.O=C(O)/C=C\C(=O)O
CHEMBL336262,CC(O)C(C)OC(=O)[C@@H]1CC2c3cccc4c3c(cn4C(C)C)CC2N(C)C1.O=C(O)/C=C\C(=O)O
CHEMBL140492,CN1C[C@H](C(=O)OC2CCCCC2)CC2c3cccc4[nH]cc(c34)CC21.O=C(O)/C=C\C(=O)O
CHEMBL139206,CN1C[C@H](C(=O)OC2CCCCC2)CC2c3cccc4c3c(cn4C)CC21.O=C(O)/C=C\C(=O)O
CHEMBL138047,CC(C)n1cc2c3c(cccc31)C1C[C@@H](C(=O)OC3CCC3)CN(C)C1C2.O=C(O)/C=C\C(=O)O
CHEMBL138200,CC(C)n1cc2c3c(cccc31)C1C[C@@H](C(=O)OC3CCC(=O)CC3)CN(C)C1C2.O=C(O)/C=C\C(=O)O
CHEMBL142183,CC(O)(C(=O)Nc1ccc(S(=O)(=O)c2ccc(Br)cc2)cc1)C(F)(F)F
CHEMBL142820,O=C1CC2(C(=O)N1)c1ccccc1S(=O)(=O)N2Cc1ccc(Br)cc1Cl
CHEMBL344118,O=C(c1ccc(Br)cc1)N1CCN(C(=O)C2CCN(c3ccncc3)CC2)CC1
CHEMBL144638,CC1(C)Oc2ccc(C#N)cc2[C@@H](n2cc(Br)cc(Br)c2=O)[C@@H]1O
CHEMBL343189,Cc1cc(O)cc(C)c1C[C@@H](C(=O)N1Cc2ccccc2C[C@H]1C(=O)NC(C)(C)C)N(C)C
CHEMBL151660,CN1C(C(=O)Nc2cccc[n+]2C)=C(O)c2ccccc2S1(=O)=O.[I-]
CHEMBL423403,N[C@@H]1CN(c2cc3c(cc2F)c(=O)c(C(=O)O)cn3C2CC2)C[C@H]1N.O=C(O)C(F)(F)F
CHEMBL356861,Oc1ccc2c3c1O[C@H]1c4ncc(Br)cc4C[C@@]4(O)[C@@H](C2)N(CC2CC2)CC[C@]314
CHEMBL423410,C[C@H](O)CN1CCN(CCOC(c2ccccc2)c2ccccc2)CC1.O=C(O)/C=C/C(=O)O
CHEMBL347105,CCN1CCN(CCOC(c2ccc(F)cc2)c2ccc(F)cc2)CC1.O=C(O)/C=C/C(=O)O
CHEMBL153725,C[C@@H](O)CN1CCN(CCOC(c2ccc(F)cc2)c2ccc(F)cc2)CC1.O=C(O)/C=C/C(=O)O
CHEMBL424521,C[C@@H](O)CN1CCN(CCOC(c2ccccc2)c2ccccc2)CC1.O=C(O)/C=C/C(=O)O
CHEMBL152428,C[C@H](O)CN1CCN(CCOC(c2ccc(F)cc2)c2ccc(F)cc2)CC1.O=C(O)/C=C/C(=O)O
CHEMBL157454,COc1ccc(S(=O)(=O)N2CCc3c(Cl)ccc(Cl)c3C2)cc1N1CCNCC1
CHEMBL151998,COc1ccc(S(=O)(=O)N2CCCc3c(Cl)cc(Cl)cc32)cc1N1CCNCC1
CHEMBL152806,COc1ccc(S(=O)(=O)N2CCCc3cc(Br)ccc32)cc1N1CCNCC1
CHEMBL356021,COc1ccc(S(=O)(=O)N2CCCc3ccc(Br)cc32)cc1N1CCNCC1
CHEMBL347879,CC1CNC(c2ccc(-c3cnc(-c4ccc(C5=NC(C)CN5)cc4)o3)cc2)=N1.Cl.Cl
CHEMBL153915,CC1CNC(c2ccc(-c3nnc(-c4ccc(C5=NC(C)CN5)cc4)o3)cc2)=N1.Cl.Cl
CHEMBL153496,Cl.Cl.c1cc(-c2ccc(-c3ccc(C4=NCCCN4)cc3)nn2)ccc1C1=NCCCN1
CHEMBL156788,Cl.Cl.c1cc(-c2nnc(-c3ccc(C4=NCCCN4)cc3)o2)ccc1C1=NCCCN1
CHEMBL347335,COc1ccc(S(=O)(=O)Nc2c(F)cc(Br)cc2F)cc1N1CCNCC1
CHEMBL154685,Cl.Cl.c1cc(-c2cnc(-c3ccc(C4=NCCCN4)cc3)o2)ccc1C1=NCCCN1
CHEMBL155234,COc1ccc(S(=O)(=O)N2CCc3cc(C)c(C(F)(F)F)cc32)cc1N1CCNCC1
CHEMBL346958,NCCCCN(Cc1ccccc1)Cc1ccc(Br)o1.O=C(O)C(F)(F)F
CHEMBL348106,CS/C(=C\c1ccc2ccccc2[n+]1C)N1CCN(CCCO)CC1.[I-]
CHEMBL157292,NCCCN(Cc1ccc(Br)o1)Cc1ccc(Br)o1.O=C(O)C(F)(F)F
CHEMBL422891,NCCCCN(Cc1ccc(Cl)cc1)Cc1ccc(Cl)cc1.O=C(O)C(F)(F)F
CHEMBL160589,C[N+](C)(C)CCNC(=O)c1cc(O)c2c(Cl)cc(Cl)cc2n1.[I-]
CHEMBL347450,CN1C[C@H](COC(=O)C2CCC2)C=C2c3cccc4[nH]cc(c34)C[C@H]21.O=C(O)/C=C\C(=O)O
CHEMBL345374,CC(C)n1cc2c3c(cccc31)[C@H]1C[C@@H](COC(=O)C3CCC3)CN(C)[C@@H]1C2.O=C(O)/C=C\C(=O)O
CHEMBL160264,CN1C[C@H](COC(=O)C2CCC2)C[C@@H]2c3cccc4[nH]cc(c34)C[C@H]21.O=C(O)/C=C\C(=O)O
CHEMBL158512,CN1C[C@H](COC(=O)C2CCCC2)C[C@@H]2c3cccc4[nH]cc(c34)C[C@H]21.O=C(O)/C=C\C(=O)O
CHEMBL346727,CC(C)n1cc2c3c(cccc31)C1=C[C@@H](COC(=O)C3CCC3)CN(C)[C@@H]1C2.O=C(O)/C=C\C(=O)O
CHEMBL159186,CN1C[C@H](COC(=O)C2CCCCC2)C[C@@H]2c3cccc4[nH]cc(c34)C[C@H]21.O=C(O)/C=C\C(=O)O
CHEMBL347660,CC(C)n1cc2c3c(cccc31)[C@H]1C[C@@H](COC(=O)C3CC3)CN(C)[C@@H]1C2.O=C(O)/C=C\C(=O)O
CHEMBL433689,CN1C[C@H](COC(=O)C2CCCC2)C=C2c3cccc4[nH]cc(c34)C[C@H]21.O=C(O)/C=C\C(=O)O
CHEMBL348875,CN1C[C@H](COC(=O)C2CCCCC2)C=C2c3cccc4[nH]cc(c34)C[C@H]21.O=C(O)/C=C\C(=O)O
CHEMBL158155,CC(C)n1cc2c3c(cccc31)C1=C[C@@H](COC(=O)C3CC3)CN(C)[C@@H]1C2.O=C(O)/C=C\C(=O)O
CHEMBL158804,CS(=O)(=O)O.C[C@H]1CN(c2c(F)cc3c(=O)c(C(=O)O)cn(C45CC(C4)C5)c3c2F)C[C@H]1CN
CHEMBL351033,CCS(=O)(=O)O.Cc1cc(N2C(N)=NC(N)=NC2(C)C)ccc1OCc1cccc(C(N)=O)c1
CHEMBL163021,COc1ccc2c(c1O)C13CCN(CC4CC4)C(C2)C12C=CC(=O)C3ON2c1ccc(F)cc1
CHEMBL167746,COc1ccc([C@@H]2Cc3cc(C(F)(F)F)ccc3N(CCN(C)C)C(=O)[C@@H]2NC(C)=O)cc1
CHEMBL164397,C[C@@H]1CN(C2CCNCC2)CCN1[C@@H](C)c1ccc(S(=O)(=O)c2ccc3c(c2)OCO3)cc1
CHEMBL352333,O=C(NS(=O)(=O)c1cc(Br)c(Br)s1)c1ccc(C(=O)O)nc1
CHEMBL424564,N#Cc1ccc(Cn2cncc2CN2CCN(C(=O)NC34CC5CC(CC(C5)C3)C4)CC2)cc1
CHEMBL169789,Cc1cc(C(C)C)[n+](CCc2ccc(S(N)(=O)=O)cc2)c(C(C)C)c1.[O-][Cl+3]([O-])([O-])[O-]
CHEMBL170622,CC[S+]1CCCC1CNC(=O)c1cc(S(N)(=O)=O)ccc1OC.[I-]
CHEMBL170310,CC[N+]1(C)CCCC1CNC(=O)c1cc(S(N)(=O)=O)ccc1OC.[I-]
CHEMBL367708,CNC(=O)N1CCC(CC(=O)N2CCN(C3c4ccc(Cl)cc4CCc4cccnc43)CC2)CC1
CHEMBL171355,CN1CCC(CC(=O)N2CCN([C@H]3c4ccc(Cl)cc4CCc4cccnc43)CC2)CC1
CHEMBL169435,NC(=O)N1CCCC(CC(=O)N2CCN(C3c4ccc(Cl)cc4CCc4cccnc43)CC2)C1
CHEMBL354742,CC(C)(C)OC(=O)NCC(=O)N1CCN(C2c3ccc(Cl)cc3CCc3cccnc32)CC1
CHEMBL171605,NC(=O)N1CCC(CC(=O)N2CCN(C3c4ccc(Cl)cc4CCc4cccnc43)CC2)CC1
CHEMBL355632,CN1CCCC(CC(=O)N2CCN(C3c4ccc(Cl)cc4CCc4cccnc43)CC2)C1
CHEMBL169188,Cc1cc(-c2ccccc2)cc(C)[n+]1Cc1ccc(S(N)(=O)=O)cc1.[O-][Cl+3]([O-])([O-])[O-]
CHEMBL353225,CN1CCCC(NC(=O)N2CCN(C3c4ccc(Cl)cc4CCc4cccnc43)CC2)C1
CHEMBL171210,CN1CCC(NC(=O)N2CCN(C3c4ccc(Cl)cc4CCc4cccnc43)CC2)CC1
CHEMBL173975,Cl.Cl.c1cc(-c2ccc(-c3ccc(C4=NCCCN4)cc3)o2)ccc1C1=NCCCN1
CHEMBL355785,CN1CCCC(CC(=O)N2CCN([C@H]3c4ccc(Cl)cc4CCc4cccnc43)CC2)C1
CHEMBL355300,CN1CCCC(CC(=O)N2CCN([C@@H]3c4ccc(Cl)cc4CCc4cccnc43)CC2)C1
CHEMBL170025,CN1CCC(CC(=O)N2CCN([C@@H]3c4ccc(Cl)cc4CCc4cccnc43)CC2)CC1
CHEMBL352930,CN1CCC(CC(=O)N2CCN(C3c4ccc(Cl)cc4CCc4cccnc43)CC2)CC1
CHEMBL425141,CCN1C(=O)CS/C1=C\c1sc2ccccc2[n+]1CC.Cc1ccc(S(=O)(=O)[O-])cc1
CHEMBL175273,CCn1c(=O)/c(=C2\SCCN2C)s/c1=C\c1cccc[n+]1C.Cc1ccc(S(=O)(=O)[O-])cc1
CHEMBL443303,CCn1c(=O)/c(=C2\C=CC=CN2C)s/c1=C\c1cccc[n+]1C.Cc1ccc(S(=O)(=O)[O-])cc1
CHEMBL181078,CC(C)(C)OC(=O)N1CCC(C(=O)NS(=O)(=O)Cc2cc(Cl)cc(Cl)c2)CC1
CHEMBL179115,CN(C(=O)c1ccc(-c2ccc(C(F)(F)F)cc2)cc1)C1CCN(C(=O)N(C)C2CCNC2)C1
CHEMBL179949,CC(C)(C)OC(=O)NC1(C(=O)Nc2ccc(N3CCOCC3)cc2)CCc2ccccc2C1
CHEMBL186596,NC(CC(=O)N1CCC[C@H]1C(=O)NCc1ccccc1)Cc1ccccc1F.O=C(O)C(F)(F)F
CHEMBL184576,[Br-].[Br-].c1c[n+](C[C@H]2C[C@@H]2C[n+]2ccc(N3CCCC3)cc2)ccc1N1CCCC1
CHEMBL187453,O=C(NS(=O)(=O)c1ccc(Cl)cc1)c1ccc(Br)cc1Br
CHEMBL187073,CCCCN(CC)c1cc(C)nc2c1NC(=O)CN2c1ccc(OC)cc1Cl.O=C(O)C(F)(F)F
CHEMBL365868,CCC(CNc1cc(C)nc2c1NC(=O)CN2c1ccc(Cl)cc1Cl)OC.O=C(O)C(F)(F)F
CHEMBL361296,CCCCN(CC)c1cc(C)nc2c1NC(=O)CN2c1ccc(C(C)C)cc1.O=C(O)C(F)(F)F
CHEMBL433592,CCCCN(CC)c1cc(C)nc2c1NC(=O)CN2c1ccc(Cl)cc1C#N.O=C(O)C(F)(F)F
CHEMBL188001,CCCCNc1cc(C)nc2c1NC(=O)CN2c1ccc(OC)cc1Cl.O=C(O)C(F)(F)F
CHEMBL191213,O=C(NC1CCCCC1)N1CCc2cc(S(=O)(=O)N3C[C@H](c4ccccc4)NC3=O)ccc21
CHEMBL185736,CCC(CC)Nc1cc(C)nc2c1NC(=O)CN2c1ccc(Cl)cc1Cl.O=C(O)C(F)(F)F
CHEMBL185963,CCNc1cc(C)nc2c1NC(=O)CN2c1ccc(OC)cc1Cl.O=C(O)C(F)(F)F
CHEMBL189282,CN1CC[C@@H](N(C)C(=O)N2CC[C@H](N(C)C(=O)c3ccc(-c4ccc(C#N)cc4)s3)C2)C1
CHEMBL186011,CCc1cccc2c1C(Cc1ccc(OC)c(OC)c1)[N+](C)(C)CC2.[I-]
CHEMBL363360,COc1ccc(CC2c3cc(OC)c(OC)cc3CC[N+]2(C)C)cc1OC.[I-]
CHEMBL365744,COc1ccc(CC2c3c(cccc3C(C)C)CC[N+]2(C)C)cc1OC.[I-]
CHEMBL187869,COc1ccc(CC2c3sc(C)cc3CC[N+]2(C)C)cc1OC.[I-]
CHEMBL190003,COc1ccc(CC2c3c(Cl)cccc3CC[N+]2(C)C)cc1OC.[I-]
CHEMBL188644,COc1ccc(CC2c3c(C)cccc3CC[N+]2(C)C)cc1OC.[I-]
CHEMBL363210,COc1ccc(CC2c3c(cccc3OC)CC[N+]2(C)C)cc1OC.[I-]
CHEMBL187736,COc1ccc(CC2c3c(Br)cccc3CC[N+]2(C)C)cc1OC.[I-]
CHEMBL189881,C[C@@H](c1ccc(-c2ccc(F)cc2)cc1)[C@H](N)C(=O)N1CC[C@H](F)C1.O=C(O)C(F)(F)F
CHEMBL189046,CN(C)C[C@@H](c1ccc(-c2ccc(F)cc2)cc1)[C@H](N)C(=O)N1CC[C@H](F)C1.O=C(O)C(F)(F)F
CHEMBL190000,CC(=O)n1cc(C(=O)N2CCC(c3cccc(CN)c3)CC2)c2ccccc21.O=C(O)C(F)(F)F
CHEMBL190031,N[C@H](C(=O)N1CC[C@H](F)C1)[C@@H](CN1CCCC1)c1ccc(-c2ccc(F)cc2)cc1.O=C(O)C(F)(F)F
CHEMBL365148,Cc1ccc2[nH]cc(C(=O)N3CCC(c4cccc(CN)c4)CC3)c2c1.O=C(O)C(F)(F)F
CHEMBL191072,Cc1cccc2[nH]cc(C(=O)N3CCC(c4cccc(CN)c4)CC3)c12.O=C(O)C(F)(F)F
CHEMBL372004,COC(=O)[C@@H](c1ccc(-c2ccc(F)cc2)cc1)[C@H](N)C(=O)N1CC[C@H](F)C1.O=C(O)C(F)(F)F
CHEMBL365567,N[C@H](C(=O)N1CC[C@H](F)C1)[C@@H](CO)c1ccc(-c2ccc(F)cc2)cc1.O=C(O)C(F)(F)F
CHEMBL191327,N[C@H](C(=O)N1CC[C@H](F)C1)[C@@H](C(=O)O)c1ccc(-c2ccc(F)cc2)cc1.O=C(O)C(F)(F)F
CHEMBL190923,CN(C)C(=O)[C@@H](c1ccc(-c2ccc(F)cc2)cc1)[C@H](N)C(=O)N1CCCCC1.O=C(O)C(F)(F)F
CHEMBL191258,N[C@H](C(=O)N1CC[C@H](F)C1)[C@@H](C(=O)N1CCCC1)c1ccc(-c2ccc(F)cc2)cc1.O=C(O)C(F)(F)F
CHEMBL370755,CON(C)C(=O)[C@@H](c1ccc(-c2ccc(F)cc2)cc1)[C@H](N)C(=O)N1CC[C@H](F)C1.O=C(O)C(F)(F)F
CHEMBL191067,CN(C)C(=O)[C@@H](c1ccc(-c2ccc(F)cc2)cc1)[C@H](N)C(=O)N1CC[C@H](F)C1.O=C(O)C(F)(F)F
CHEMBL188096,CN(C)C(=O)[C@@H](c1ccc(-c2ccc(F)cc2F)cc1)[C@H](N)C(=O)N1CC[C@H](F)C1.O=C(O)C(F)(F)F
CHEMBL190863,CN(C)C(=O)[C@@H](c1ccc(-c2ccc(F)cc2)cc1)[C@H](N)C(=O)N1CCSC1.O=C(O)C(F)(F)F
CHEMBL189055,CN(C)C(=O)[C@@H](c1ccc(-c2ccc(F)cc2)cc1)[C@H](N)C(=O)N1CCC[C@H]1C#N.O=C(O)C(F)(F)F
CHEMBL371347,CN(C)C(=O)[C@@H](c1ccc(-c2ccc(F)cc2)cc1)[C@H](N)C(=O)N1CCOCC1.O=C(O)C(F)(F)F
CHEMBL364939,CCN(CC)C(=O)[C@@H](c1ccc(-c2ccc(F)cc2)cc1)[C@H](N)C(=O)N1CC[C@H](F)C1.O=C(O)C(F)(F)F
CHEMBL190752,CNC(=O)[C@@H](c1ccc(-c2ccc(F)cc2)cc1)[C@H](N)C(=O)N1CC[C@H](F)C1.O=C(O)C(F)(F)F
CHEMBL371588,CN(C)NC(=O)[C@@H](c1ccc(-c2ccc(F)cc2)cc1)[C@H](N)C(=O)N1CC[C@H](F)C1.O=C(O)C(F)(F)F
CHEMBL364355,CN(C)C(=O)[C@@H](c1ccc(-c2ccc(F)cc2)cc1)[C@H](N)C(=O)N1CC(F)(F)C1.O=C(O)C(F)(F)F
CHEMBL187837,C[C@H]1CCc2c(N3CCC(O)CC3)c(F)cc3c(=O)c(C(=O)OC4CCN(C)CC4)cn1c23
CHEMBL190269,CN(C)C(=O)[C@@H](c1ccc(-c2cccc(C#N)c2)cc1)[C@H](N)C(=O)N1CC[C@H](F)C1.O=C(O)C(F)(F)F
CHEMBL372486,CN(C)C(=O)[C@@H](c1ccc(-c2ccc(F)cc2)cc1)[C@H](N)C(=O)N1CC[C@@H](F)C1.O=C(O)C(F)(F)F
CHEMBL188104,Cc1ccc2c(C(=O)N3CCC(c4cccc(CN)c4)CC3)c[nH]c2c1.O=C(O)C(F)(F)F
CHEMBL363115,CN(C)C(=O)[C@@H](c1ccc(-c2ccc(F)cc2)cc1)[C@H](N)C(=O)N1CC(F)C1.O=C(O)C(F)(F)F
CHEMBL188643,CC(C)NC(=O)[C@@H](c1ccc(-c2ccc(F)cc2)cc1)[C@H](N)C(=O)N1CC[C@H](F)C1.O=C(O)C(F)(F)F
CHEMBL191337,CN(C)C(=O)[C@@H](c1ccc(-c2ccc(F)cc2)cc1)[C@H](N)C(=O)N1CCC(F)(F)C1.O=C(O)C(F)(F)F
CHEMBL370509,CN(C)C(=O)[C@@H](c1ccc(-c2ccc(F)cc2)cc1)[C@H](N)C(=O)N1CCC1.O=C(O)C(F)(F)F
CHEMBL190788,N[C@H](C(=O)N1CC[C@H](F)C1)[C@@H](C(=O)NC1CC1)c1ccc(-c2ccc(F)cc2)cc1.O=C(O)C(F)(F)F
CHEMBL425558,CCN(C)C(=O)[C@@H](c1ccc(-c2ccc(F)cc2)cc1)[C@H](N)C(=O)N1CC[C@H](F)C1.O=C(O)C(F)(F)F
CHEMBL189101,Cc1cccc2c(C(=O)N3CCC(c4cccc(CN)c4)CC3)c[nH]c12.O=C(O)C(F)(F)F
CHEMBL189983,NCc1cccc(C2CCN(C(=O)c3c[nH]c4c(F)cccc34)CC2)c1.O=C(O)C(F)(F)F
CHEMBL189067,CCNC(=O)[C@@H](c1ccc(-c2ccc(F)cc2)cc1)[C@H](N)C(=O)N1CC[C@H](F)C1.O=C(O)C(F)(F)F
CHEMBL365967,CN(C)C(=O)[C@@H](c1ccc(-c2ccc(F)cc2)cc1)[C@H](N)C(=O)N1CCS(=O)(=O)C1.O=C(O)C(F)(F)F
CHEMBL188043,N[C@H](C(=O)N1CC[C@H](F)C1)[C@@H](C(=O)N1CCC1)c1ccc(-c2ccc(F)cc2)cc1.O=C(O)C(F)(F)F
CHEMBL190217,CN(C)C(=O)[C@@H](c1ccc(-c2ccc(F)c(F)c2)cc1)[C@H](N)C(=O)N1CC[C@H](F)C1.O=C(O)C(F)(F)F
CHEMBL191208,NC(=O)[C@@H](c1ccc(-c2ccc(F)cc2)cc1)[C@H](N)C(=O)N1CC[C@H](F)C1.O=C(O)C(F)(F)F
CHEMBL425184,C[C@H]1CCc2c(N3CCC(O)CC3)c(F)cc3c(=O)c(C(=O)O)cn1c23.NCCCC[C@H](N)C(=O)O
CHEMBL190465,C[C@H]1CCc2c(N3CCC(O)CC3)c(F)cc3c(=O)c(C(=O)O)cn1c23.N=C(N)NCCC[C@H](N)C(=O)O
CHEMBL190466,CN(C)C(=O)[C@@H](c1ccc(-c2ccc(F)cc2)cc1)[C@H](N)C(=O)N1CCCC1.O=C(O)C(F)(F)F
CHEMBL191486,CN(C)C(=O)[C@@H](c1ccc(-c2cc(F)ccc2F)cc1)[C@H](N)C(=O)N1CC[C@H](F)C1.O=C(O)C(F)(F)F
CHEMBL370677,CN(C)C(=O)[C@@H](c1ccc(-c2cccc(S(C)(=O)=O)c2)cc1)[C@H](N)C(=O)N1CC[C@H](F)C1.O=C(O)C(F)(F)F
CHEMBL190135,CC(C)n1cc(C(=O)N2CCC(c3cccc(CN)c3)CC2)c2ccccc21.O=C(O)C(F)(F)F
CHEMBL370284,CCn1cc(C(=O)N2CCC(c3cccc(CN)c3)CC2)c2cccc(C)c21.O=C(O)C(F)(F)F
CHEMBL191007,Cn1cc(C(=O)N2CCC(c3cccc(CN)c3)CC2)c2ccccc21.O=C(O)C(F)(F)F
CHEMBL372028,CCn1cc(C(=O)N2CCC(c3cccc(CN)c3)CC2)c2ccccc21.O=C(O)C(F)(F)F
CHEMBL361040,CCCn1cc(C(=O)N2CCC(c3cccc(CN)c3)CC2)c2ccccc21.O=C(O)C(F)(F)F
CHEMBL435694,CS(=O)(=O)n1cc(C(=O)N2CCC(c3cccc(CN)c3)CC2)c2ccccc21.O=C(O)C(F)(F)F
CHEMBL364277,CC(=O)N(C)C1CCN(c2ccc(NC(=O)N3CCC(c4ccc(Cl)cc4)CC3)cc2)C1
CHEMBL189056,CCN1C(=O)C(c2ccc(Br)cc2)(c2ccc(Br)cc2)NC1=S
CHEMBL365996,C[C@@H](c1ccc(-c2ccccc2)c(F)c1)[C@H](N)C(=O)N1CC[C@H](F)C1.O=C(O)C(F)(F)F
CHEMBL370240,C[C@@H](c1ccc(-c2ccccc2F)cc1)[C@H](N)C(=O)N1CC[C@H](F)C1.O=C(O)C(F)(F)F
CHEMBL195443,COc1ccc(-c2ccc([C@H](C)[C@H](N)C(=O)N3CC[C@H](F)C3)cc2)cc1.O=C(O)C(F)(F)F
CHEMBL192421,C[C@@H](c1ccc(-c2cccc(C(N)=O)c2)cc1)[C@H](N)C(=O)N1CC[C@H](F)C1.O=C(O)C(F)(F)F
CHEMBL195667,C[C@@H](c1ccc(-c2cccc(-c3nnco3)c2)cc1)[C@H](N)C(=O)N1CC[C@H](F)C1.O=C(O)C(F)(F)F
CHEMBL366031,C[C@@H](c1ccc(-c2cccc(S(N)(=O)=O)c2)cc1)[C@H](N)C(=O)N1CC[C@H](F)C1.O=C(O)C(F)(F)F
CHEMBL192980,C[C@@H](c1ccc(-c2ccc(C(F)(F)F)cc2)cc1)[C@H](N)C(=O)N1CC[C@H](F)C1.O=C(O)C(F)(F)F
CHEMBL195739,C[C@@H](c1ccc(-c2cccc(-n3cnnn3)c2)cc1)[C@H](N)C(=O)N1CC[C@H](F)C1.O=C(O)C(F)(F)F
CHEMBL195173,C[C@@H](c1ccc(-c2ccc(F)c(F)c2)cc1)[C@H](N)C(=O)N1CC[C@H](F)C1.O=C(O)C(F)(F)F
CHEMBL191514,Cc1ccc(-c2ccc([C@H](C)[C@H](N)C(=O)N3CC[C@H](F)C3)cc2)cc1.O=C(O)C(F)(F)F
CHEMBL425375,C[C@@H](c1ccc(-c2ccccc2C(F)(F)F)cc1)[C@H](N)C(=O)N1CC[C@H](F)C1.O=C(O)C(F)(F)F
CHEMBL192425,CCOC(=O)c1cccc(-c2ccc([C@H](C)[C@H](N)C(=O)N3CC[C@H](F)C3)cc2)c1.O=C(O)C(F)(F)F
CHEMBL191906,C[C@@H](c1ccc(-c2ccc(C(=O)O)cc2)cc1)[C@H](N)C(=O)N1CC[C@H](F)C1.O=C(O)C(F)(F)F
CHEMBL278729,C[C@@H](c1ccc(-c2cc(F)ccc2F)cc1)[C@H](N)C(=O)N1CC[C@H](F)C1.O=C(O)C(F)(F)F
CHEMBL365780,C[C@@H](c1ccc(-c2cccc(S(C)(=O)=O)c2)cc1)[C@H](N)C(=O)N1CC[C@H](F)C1.O=C(O)C(F)(F)F
CHEMBL365953,COc1ccccc1-c1ccc([C@H](C)[C@H](N)C(=O)N2CC[C@H](F)C2)cc1.O=C(O)C(F)(F)F
CHEMBL372472,Cc1ccccc1-c1ccc([C@H](C)[C@H](N)C(=O)N2CC[C@H](F)C2)cc1.O=C(O)C(F)(F)F
CHEMBL363175,CCOC(=O)c1ccc(-c2ccc([C@H](C)[C@H](N)C(=O)N3CC[C@H](F)C3)cc2)cc1.O=C(O)C(F)(F)F
CHEMBL191812,C[C@@H](c1ccc(-c2cc(F)cc(F)c2)cc1)[C@H](N)C(=O)N1CC[C@H](F)C1.O=C(O)C(F)(F)F
CHEMBL195755,C[C@@H](c1ccc(-c2cccc(C(=O)O)c2)cc1)[C@H](N)C(=O)N1CC[C@H](F)C1.O=C(O)C(F)(F)F
CHEMBL363584,C[C@@H](c1ccc(-c2ccc(F)cc2F)cc1)[C@H](N)C(=O)N1CC[C@H](F)C1.O=C(O)C(F)(F)F
CHEMBL191769,C[C@@H](c1ccc(-c2ccccc2Cl)cc1)[C@H](N)C(=O)N1CC[C@H](F)C1.O=C(O)C(F)(F)F
CHEMBL193887,C[C@@H](c1ccc(-c2ccc(NS(C)(=O)=O)cc2)cc1)[C@H](N)C(=O)N1CC[C@H](F)C1.O=C(O)C(F)(F)F
CHEMBL194437,C[C@@H](c1ccc(-c2ccc(S(C)(=O)=O)cc2)cc1)[C@H](N)C(=O)N1CC[C@H](F)C1.O=C(O)C(F)(F)F
CHEMBL263326,C[C@@H](c1ccc(-c2cccc(NS(C)(=O)=O)c2)cc1)[C@H](N)C(=O)N1CC[C@H](F)C1.O=C(O)C(F)(F)F
CHEMBL193830,O=C(N[C@@H]1C2CCN(CC2)[C@@H]1Cc1cccnc1)c1ccc(I)s1
CHEMBL366166,Cn1nc2c(c1C(F)(F)C(F)(F)F)CN(C(=O)C[C@H](N)Cc1cc(F)ccc1F)CC2
CHEMBL369894,Cn1nc(C(F)(F)C(F)(F)F)c2c1CCN(C(=O)C[C@H](N)Cc1cc(F)ccc1F)C2
CHEMBL364244,COc1cc(C2C(C#N)=C(N)Oc3cc(Br)ccc32)cc(Br)c1OC
CHEMBL196598,COc1ccc(NC(=O)N2CCN(c3ccc(C(F)(F)F)cc3)CC2)cc1N1CCN(C)CC1
CHEMBL198302,O=S1(=O)N[C@@]2(CN1CC(F)(F)F)[C@@H]1CC[C@H]2Cc2ccc(/C=C/CN3CCOCC3)cc2C1
CHEMBL193527,O=S1(=O)N[C@@]2(CN1CC(F)(F)F)[C@@H]1CC[C@H]2Cc2ccc(/C=C/CN3CCCCC3)cc2C1
CHEMBL364284,O=C(NC[C@H]1CN(c2ccc(N3CCOCC3=O)c(F)c2)C(=O)O1)c1ccc(Cl)s1
CHEMBL383361,O=C(NC[C@H]1CN(c2ccc(N3CCOCC3=O)cc2)C(=O)O1)c1ccc(Br)s1
CHEMBL381866,O=C(NC[C@H]1CN(c2ccc(N3CCOCC3=O)cc2)C(=O)O1)c1ccc(Br)o1
CHEMBL194810,O=C(NC[C@H]1CN(c2ccc(N3CCSCC3)c(F)c2)C(=O)O1)c1ccc(Cl)s1
CHEMBL197027,C[N+]1(C)CCOC(O)(c2ccc(-c3ccc(C4(O)C[N+](C)(C)CCO4)cc3)cc2)C1.[Br-].[Br-]
CHEMBL198259,CC(C)N1CC2(CCC(C(C)(C)C)CC2)N(Cc2ccc(C(=O)Nc3nn[nH]n3)cc2)C1=O
CHEMBL381223,COc1cc2c(cc1Cl)NC(=O)NC2CC(=O)N1CCN(Cc2ccc(F)cc2)C[C@H]1C
CHEMBL199733,CN1CCCC(C(=O)N2CCN(c3nccc(NCc4ccc(Cl)cc4Cl)n3)CC2)C1
CHEMBL199379,CC(C)([C@H](N)C(=O)N1C[C@@H](F)C[C@H]1C#N)S(=O)(=O)Cc1csc2ccc(Cl)cc12
CHEMBL370861,CN1CCCC(C(=O)N2CCN(c3ccnc(NCc4ccc(Cl)cc4Cl)n3)CC2)C1
CHEMBL200864,NS(=O)(=O)C[C@H]1CC[C@@](c2cc(F)ccc2F)(S(=O)(=O)c2ccc(Cl)cc2)CC1
CHEMBL200664,CS(=O)(=O)N[C@H]1CC[C@@](c2cc(F)ccc2F)(S(=O)(=O)c2ccc(Cl)cc2)CC1
CHEMBL200883,O=C1NCN(c2ccc(Cl)cc2)C12CCN([C@@H]1CCCC[C@@]1(O)c1ccc(F)cc1)CC2
CHEMBL372567,O=C1NCN(c2ccc(F)cc2)C12CCN([C@@H]1CCCC[C@@]1(O)c1ccc(Cl)cc1)CC2
CHEMBL200621,COc1ccc(N2CNC(=O)C23CCN([C@@H]2CCCC[C@@]2(O)c2ccc(Cl)cc2)CC3)cc1
CHEMBL381117,O=C(O)C(O)c1ccccc1.Oc1ccc2c(c1)[C@]13CCCCC1[C@H](C2)N(CC1CCC1)CC3
CHEMBL201963,COc1ccc2c(c1)CCN1C(=O)C3CCCC(C21)N3S(=O)(=O)Nc1ccc(Cl)nc1
CHEMBL202123,COc1ccc2c(c1)CCN1C(=O)C3CCCC(C21)N3S(=O)(=O)Nc1ccc(F)c(F)c1
CHEMBL370582,COc1ccc2c(c1)CCN1C(=O)C3CCCC(C21)N3S(=O)(=O)Nc1ccc(OC)nc1
CHEMBL372289,COc1cc2c(c(OC)c1)C1C3CCCC(C(=O)N1CC2)N3C(=O)C(O)c1ccc(Cl)cc1
CHEMBL203358,COc1cc2c(c(OC)c1)C1C3CCCC(C(=O)N1CC2)N3S(=O)(=O)c1ccc(C)cc1
CHEMBL373206,COc1cc2c(c(OC)c1)C1C3CCCC(C(=O)N1CC2)N3S(=O)(=O)c1cccc(C)c1
CHEMBL201465,CS(=O)(=O)N1CCC([C@H]2c3ccc(Cl)cc3C=C(N3CCNCC3)c3cccnc32)CC1
CHEMBL372164,CS(=O)(=O)N1CCC([C@H]2c3ccc(Cl)cc3C(N3CCNCC3)=Cc3cccnc32)CC1
CHEMBL382828,CS(=O)(=O)N1CCC([C@@H]2c3ccc(Cl)cc3C=C(N3CCNCC3)c3cccnc32)CC1
CHEMBL383114,CS(=O)(=O)N1CCC([C@@H]2c3ccc(Cl)cc3C(N3CCNCC3)=Cc3cccnc32)CC1
CHEMBL203379,C[C@@H](c1ccc(-c2ccc(=O)n(C)c2)cc1)[C@H](N)C(=O)N1CCCC1.O=C(O)C(F)(F)F
CHEMBL377724,C[C@@H](c1ccc(-c2ccc(=O)n(C)c2)cc1)[C@H](N)C(=O)N1CCSC1.O=C(O)C(F)(F)F
CHEMBL378597,C[C@@H](c1ccc(-c2ccc(=O)n(C)c2)cc1)[C@H](N)C(=O)N1CC(F)C1.O=C(O)C(F)(F)F
CHEMBL202634,C[C@@H](c1ccc(-c2ccc(=O)n(C)c2)cc1)[C@H](N)C(=O)N1CCC(F)CC1.O=C(O)C(F)(F)F
CHEMBL203169,C[C@@H](c1ccc(-c2cn(C)c(=O)cc2CO)cc1)[C@H](N)C(=O)N1CC[C@H](F)C1.O=C(O)C(F)(F)F
CHEMBL205872,C[C@@H](c1ccc(-c2ccc(=O)n(C)c2F)cc1)[C@H](N)C(=O)N1CC[C@H](F)C1.O=C(O)C(F)(F)F
CHEMBL206252,Cc1c(-c2ccc([C@H](C)[C@H](N)C(=O)N3CC[C@H](F)C3)cc2)ccc(=O)n1C.O=C(O)C(F)(F)F
CHEMBL203323,Cc1c(-c2ccc([C@H](C)[C@H](N)C(=O)N3CC[C@H](F)C3)cc2)cc(Br)c(=O)n1C.O=C(O)C(F)(F)F
CHEMBL381145,C[C@@H](c1ccc(-c2ccc(O)nc2)cc1)[C@H](N)C(=O)N1CC[C@H](F)C1.O=C(O)C(F)(F)F
CHEMBL206383,C[C@@H](c1ccc(-c2ccc(=O)n(C)c2)cc1)[C@H](N)C(=O)N1CC[C@H](F)C1.O=C(O)C(F)(F)F
CHEMBL203736,C[C@@H](c1ccc(-c2cc(F)c(=O)n(C)c2)cc1)[C@H](N)C(=O)N1CC[C@H](F)C1.O=C(O)C(F)(F)F
CHEMBL206792,CCn1cc(-c2ccc([C@H](C)[C@H](N)C(=O)N3CC[C@H](F)C3)cc2)ccc1=O.O=C(O)C(F)(F)F
CHEMBL380496,COc1cc(=O)n(C)cc1-c1ccc([C@H](C)[C@H](N)C(=O)N2CC[C@H](F)C2)cc1.O=C(O)C(F)(F)F
CHEMBL203267,C[C@@H](c1ccc(-c2cn(C)c(=O)c(Cl)c2F)cc1)[C@H](N)C(=O)N1CC[C@H](F)C1.O=C(O)C(F)(F)F
CHEMBL206501,C[C@@H](c1ccc(-c2ccc(=O)n(C)c2)cc1)[C@H](N)C(=O)N1CCC(F)(F)C1.O=C(O)C(F)(F)F
CHEMBL383651,C[C@@H](c1ccc(-c2cc(Br)c(=O)n(C)c2)cc1)[C@H](N)C(=O)N1CC[C@H](F)C1.O=C(O)C(F)(F)F
CHEMBL424687,C[C@@H](c1ccc(-c2cn(C)c(=O)cc2F)cc1)[C@H](N)C(=O)N1CC[C@H](F)C1.O=C(O)C(F)(F)F
CHEMBL383323,C[C@@H](c1ccc(-c2ccc(=O)n(CC3CC3)c2)cc1)[C@H](N)C(=O)N1CC[C@H](F)C1.O=C(O)C(F)(F)F
CHEMBL425039,Cc1cc(=O)n(C)cc1-c1ccc([C@H](C)[C@H](N)C(=O)N2CC[C@H](F)C2)cc1.O=C(O)C(F)(F)F
CHEMBL205925,C[N+](C)(C)Cc1cc(-c2ccc(O)c(C[N+](C)(C)C)c2)ccc1O.[I-].[I-]
CHEMBL382191,CC(C)(C)CCN1C(=O)C(C2=NS(=O)(=O)c3ccccc3N2)=C(O)[C@@H]1c1ccc(F)cc1
CHEMBL378498,CCC(CC)CN(Cc1ccccc1C(F)(F)F)C1CCNCC1.O=C(O)/C=C/C(=O)O
CHEMBL208533,CC(C)CN(Cc1cccc(C(F)(F)F)c1Cl)C1CCNCC1.O=C(O)/C=C/C(=O)O
CHEMBL208070,CC(C)OCCN(Cc1ccc(F)cc1C(F)(F)F)C1CCNCC1.O=C(O)C(O)C(O)C(=O)O
CHEMBL206152,N#CCCN(Cc1ccc(F)cc1C(F)(F)F)C1CCNCC1.O=C(O)C(O)C(O)C(=O)O
CHEMBL381079,CC(C)(C#N)CN(Cc1ccc(F)cc1C(F)(F)F)C1CCNCC1.O=C(O)C(O)C(O)C(=O)O
CHEMBL377678,FC(F)(F)CCN(Cc1ccccc1C(F)(F)F)C1CCNCC1.O=C(O)/C=C/C(=O)O
CHEMBL208178,COCCCN(Cc1ccccc1C(F)(F)F)C1CCNCC1.O=C(O)C(O)C(O)C(=O)O
CHEMBL382554,FC(F)(F)CN(Cc1ccccc1C(F)(F)F)C1CCNCC1.O=C(O)C(O)C(O)C(=O)O
CHEMBL207480,Fc1ccc(CN(CC2CCC2)C2CCNCC2)c(C(F)(F)F)c1.O=C(O)C(O)C(O)C(=O)O
CHEMBL383611,N#CCCCN(Cc1ccccc1C(F)(F)F)C1CCNCC1.O=C(O)C(O)C(O)C(=O)O
CHEMBL378839,CC(C)CN(Cc1cc(C(F)(F)F)ccc1Cl)C1CCNCC1.O=C(O)/C=C/C(=O)O
CHEMBL207634,CC(C)(C#N)CCN(Cc1ccc(F)cc1C(F)(F)F)C1CCNCC1.O=C(O)C(O)C(O)C(=O)O
CHEMBL207067,Fc1ccc(CN(CC2CC2)C2CCNCC2)c(C(F)(F)F)c1.O=C(O)C(O)C(O)C(=O)O
CHEMBL209094,CC(C)(O)CN(Cc1ccc(F)cc1C(F)(F)F)C1CCNCC1.O=C(O)C(O)C(O)C(=O)O
CHEMBL207894,FC(F)(F)OCCN(Cc1ccccc1C(F)(F)F)C1CCNCC1.O=C(O)C(O)C(O)C(=O)O
CHEMBL377552,CC(C)(O)CCN(Cc1ccc(F)cc1C(F)(F)F)C1CCNCC1.O=C(O)C(O)C(O)C(=O)O
CHEMBL384207,CN1C[C@@H]2C[C@](c3cc(F)ccc3F)(S(=O)(=O)c3ccc(Cl)cc3)CC[C@@H]2NS1(=O)=O
CHEMBL382899,CS(=O)(=O)c1ccc(OC[C@H]2CC[C@@H](C(=O)N3CCC[C@H]3C#N)N2)c(Br)c1
CHEMBL210279,O=S1(=O)NC[C@@H]2C[C@](c3cc(F)ccc3F)(S(=O)(=O)c3ccc(Cl)cc3)CC[C@@H]2N1
CHEMBL209162,CN(C)C(=O)[C@@H](c1ccc(-c2ccc(=O)n(C)c2)cc1)[C@H](N)C(=O)N1CC[C@H](F)C1.O=C(O)C(F)(F)F
CHEMBL379414,CCOc1nc(NC(=O)Cc2cc(Br)ccc2Br)cc(N)c1C#N
CHEMBL212570,C[C@H](C(=O)N1CCOCC1)N1CC[C@@H](NS(=O)(=O)c2ccc3cc(Cl)ccc3c2)C1=O
CHEMBL211755,C[C@@H](C(=O)N1CCOCC1)N1CC[C@@H](NS(=O)(=O)c2ccc3cc(Cl)ccc3c2)C1=O
